X,Y,tourism,name,ele,operator,website,wikidata,wikipedia,reg_name,phone,capacity,url,amenity,internet_access,addr:city,addr:postcode,opening_hours,email,addr:street,alt_name,name:de,rooms,addr:housenumber,place,access,beds,wheelchair,addr:country,contact:phone,cuisine,description,smoking,AlpinRes_ID,contact:email,internet_access:fee,reservation,shower,toilets,winter_room
7.0047617,45.9463101,alpine_hut,Refuge d'Argentière,2771,,,Q795094,fr:Refuge d'Argentière,,,,,,,,,,,,,,,,,,,,,,,,,,,,,,,
6.9939012,46.0466343,alpine_hut,Gite d'etape du Peuty (Dortoir Peuty),,,,,,,,,,,,,,,,,,,,,,,,,,,,,,,,,,,,
6.813062,46.1964911,alpine_hut,Refuge de Chésery,1981,,,,,,,,,,,,,,,,,,,,,,,,,,,,,,,,,,,
6.8980975,46.1394272,alpine_hut,Cabane de Susanfe,2102,,,,,,,,https://susanfe.ch/,,,,,,,,,,,,,,,,,,,,,,,,,,,
6.8664751,46.1508102,alpine_hut,Cabane de Bonavau,1550,,,,,,,,,,,,,,,,,,,,,,,,,,,,,,,,,,,
6.9042907,46.1657706,alpine_hut,Cabane d'Antème,,Fernand Jordan,,,,,+41 79 473 71 40,,http://www.dentsdumidi.ch/fr/hebergements/cabane-d-antheme,,,,,,,,,,,,,,,,,,,,,,,,,,,
6.9474906,46.1791185,alpine_hut,Refuge de Chalin,2595,SAC - CAS,,,,Walliser Alpen,+41 24 466 31 24,,http://www.cas-chaussy.ch,,,,,,,,,,,,,,,,,,,,,,,,,,,
7.0405764,45.8939167,alpine_hut,Rifugio Cesare Dalmazzi,2584,Club Alpino Italiano Sezione di Torino,,Q1455968,it:Rifugio Cesare Dalmazzi al Triolet,,,,,,,,,,,,,,,,,,,,,+39 0165 869098,,,,,info@rifugiodalmazzi.com,,,,,
7.0656381,45.8847187,alpine_hut,Rifugio Elena,2055,,,Q889026,it:Rifugio Elena,,,127,,,,,,,,,,,,1,,,,,,+39 0165 844688,,,,,rifugioelena@virgilio.it,,,,,
7.1125973,45.8986239,alpine_hut,La Peule,,,https://lapeulaz.skyrock.com/,,,,,,,restaurant,,,,,coppey.lapeule@dransnet.ch,,,,,,,,,,,,regional,,,,,,,,,
7.2055861,45.9024798,alpine_hut,Cabane du Plan du Jeu,,,,,,,,,,,,,,,,,,,,,,,,,,,,,,,,,,,,
7.1554957,45.9533069,alpine_hut,Cabane de la Tsissette,2005,,,,,,,,,,,,,,,,,,,,,,,,,,,,,,,,,,,
7.0703669,45.9764385,alpine_hut,Cabane de Saleinaz CAS,2691,CAS Section Neuchâteloise,,,,,,,,,,,,,,,,,,,,,,,,,,,,,,,,,,
7.0793746,46.0500834,alpine_hut,Plan de l'Au,,,,,,,,,,,,,,,,,,,,,,,,,,,,,,,,,,,,
7.2065712,46.0136689,alpine_hut,Cabane de Mille,2473,,http://www.cabanedemille.ch,,,,+41 277832425,,,,,,,,,,,,,,,,,,,,,,,,,,,,,
7.2454615,45.9169357,alpine_hut,Cabane du Vélan,2642,CAS Bourg-Saint-Pierre,https://www.velan.ch/,Q1024722,,,+41 27 787 13 13,,,,,,,,,,,,,,,,,,,,,,,,,,,,,
7.2716746,45.9303713,alpine_hut,Cabane de Valsorey,3037,,http://www.valsorey.ch,Q2655171,,,,,,,,,,,,,,,,,,,,,,,,,,,,,,,,
7.2741806,46.0303387,alpine_hut,Cabane Brunet,2103,,,,,,,,,restaurant,,,,,,,,,,,,,,,,,,,,,,,,,,
7.2997576,45.9987224,alpine_hut,Cabane FXB Panossière,2645,,http://www.cabane-fxb-panossiere.ch/,,,,+41 27 771 33 22,,,,,,,,info@cabane-fxb-panossiere.ch,,,,,,,,,,,,,,,,,,,,,
7.368479,46.0405371,alpine_hut,Bivoucac des Pantalons-blancs,3280,,,,,,,,,,,,,,,,,,,,,,,,,,,,,,,,,,,
7.4756753,45.9898152,alpine_hut,Cabane des Vignettes CAS,3160,SAC - CAS,,Q627312,,Walliser Alpen,,,http://www.section-monte-rosa.ch/cabanes_2.htm,,,,,,,,,,,,,,,,,,,,,,,,,,,
7.5277859,46.0060315,alpine_hut,Cabane de Bertol CAS,3311,,,,,,,,,,,,,,,,,,,,,,,,,,,,,,,,,,,
7.5038158,46.0303483,alpine_hut,Cabane de la Tsa,2607,,,,,,,,,,,,,,,,,,,,,,,,,,,,,,,,,,,
7.6290066,46.0019802,alpine_hut,Schönbielhütte SAC,2694,SAC,,Q179153,de:Schönbielhütte,,,,,,,,,,,,,,,,,,,no,,,,,,,,,,,,
7.6009045,46.0202406,alpine_hut,Cabane de la Dent Blanche CAS,3507,SAC - CAS,,,,Walliser Alpen,,,http://www.cas-jaman.ch/cabanes/dent_blanche.php,,,,,,,,,,,,,,,,,,,,,,,,,,,
7.6070395,46.0419192,alpine_hut,Col de la Dent Blanche CAS Bivouac,3540,SAC - CAS,,,,Walliser Alpen,,,http://www.cas-jaman.ch/cabanes/bivouac.php,,,,,,,,,,,,,,,,,,,,,,,,,,,
7.7210607,46.0300454,alpine_hut,Berggasthaus Trift,2337,Familie Hugo und Fabienne Biner,http://www.zermatt.net/trift/,,,,+41 79 408 70 20,,,restaurant,,,,Jun-Sep,,,,,,,isolated_dwelling,,,,,,,,,,,,,,,
7.0496537,46.0554783,alpine_hut,Bovine,1987,,,,,,,,,,,,,,,,,,,,,,,,,,,,,,,,,,,
7.2810186,46.0835574,alpine_hut,Cabane Mont-Fort,2457,,,,,,,,,,,,,,,,,,,,,,,,,,,,,,,,,,,
7.3323946,46.098095,alpine_hut,Refuge de Saint-Laurent,2485,,,,,,,,,,,,,,,,,,,,,,,,,,,,,,,,,,,
7.1443524,46.2519727,alpine_hut,Cabanne de Plan Névé,2262,,,,,,,,,,,,,,,,,,,,,,,,,,,,,,,,,,,
7.1948249,46.3212719,alpine_hut,Refuge de Pierredar,2293,,,,,,,,,,,,,,,,,,,,,,,,,,,,,,,,,,,
7.1323733,46.4044007,alpine_hut,Pra Cornet,1646,,,,,,,,,,,,,,,,,,,,,,,,,,,,,,,,,,,
7.2746129,46.2663815,alpine_hut,Refuge d’ Airoz (Refuge d’ Aïroz),,,http://www.alpe-airoz.com,,,,,,,,,,,,,,,,,,,,,,,,,,,CH1976,,,,,,
7.2154746,46.3386913,alpine_hut,Diablerets,2485,CAS,,,,,,,,,,,,,,,,,,,,,,,,,,,,,,,,,,
7.3390136,46.3696127,alpine_hut,Cabane de Gelten SAC,2002,SAC,https://www.geltenhuette.ch/,,,"Freiburger, Waadtländer und Berner Alpen",+41 33 765 32 20,,,,,,,,,,,Geltenhütte SAC,,,,,,,,,,,,,,,,,,
7.5954924,46.0906851,alpine_hut,Cabane de Moiry,2825,SAC - CAS,http://www.cabane-de-moiry.ch/home.php,Q17041605,,Walliser Alpen,,,,,,,,,,,,,,,,,,,,,,,,,,,,,,
7.6793646,46.1008939,alpine_hut,Cabane d'Arpitettaz,2786,SAC CAS,http://www.arpitettaz.ch/,,,Walliser Alpen,,,,,,,,,,,,,,,,,,,,+41 (0)27 475 40 28,,,,,,,,,,
7.6794415,46.1302947,alpine_hut,Cabane de Tracuit CAS,3256,SAC - CAS,https://www.tracuit.ch/,Q676670,de:Cabane de Tracuit,Walliser Alpen,+41 27 475 15 00,,,,,,,,,,,,,,,,,,,,,,,,,,,,,
7.6315188,46.2111472,alpine_hut,,,,,,,,,,,,,,,,,,,,,,,,,,,,,,,,,,,,,
7.3841567,46.34345,alpine_hut,Cabane des Audannes,2508,,,,,,,,,,,,,,,,,,,,,,,,,,,,,,,,,,,
7.3879866,46.3792413,alpine_hut,Wildhornhütte,2303,SAC,http://www.wildhornhuette.com,Q1252733,de:Wildhornhütte,"Freiburger, Waadtländer und Berner Alpen",,,,,,,,,,,,,,,,,,,,,,,,,,,,,,
7.4676662,46.3830189,alpine_hut,Wildstrubelhütte,2793,SAC,https://www.wildstrubelhuette.ch/,Q1875287,,,,,,,,Lenk,,,,,,,,,,,,,,,,,,,,,,,,
7.5002522,46.3423949,alpine_hut,Cabane des Violettes,2209,SAC - CAS,,,,,,,http://www.casmontana.ch,restaurant,,,,,,,,,,,locality,,,,,,,,,,,,,,,
7.5221645,46.3527502,alpine_hut,Petit Mt Bonvin,2400,,,,,,,,,,,,,,,,,,,,,,,,,,,,,,,,,,,
7.6143013,46.2328879,alpine_hut,Cabane Bella Tola,2340,,,,,,,,,,,,,,,,,,,,,,,,,,,,,,,,,,,
7.5744936,46.4002923,alpine_hut,Lämmerenhütte,2502,SAC,,,,"Freiburger, Waadtländer und Berner Alpen",,,http://www.laemmerenhuette.ch,,,,,,,,,,,,,,,,,,,,,,,,,,,
7.7796559,46.0059598,alpine_hut,Mountain Lodge Ze Seewjinen,2296,,https://www.zeseewjinu.ch/,,,,+41 79 900 23 00,,,restaurant,,,,,info@zeseewjinu.ch,,,,,,,,,,,,,,,,,,,,,
7.8300141,46.0515706,alpine_hut,Täschhütte,2701,SAC - CAS,,Q2463654,de:Täschhütte,Walliser Alpen,,,http://www.taeschhuette.ch,,,,,,,,,,,,,,,,,,,,,,,,,,,
7.7435489,46.0859594,alpine_hut,Weisshornhütte SAC,2932,SAC - CAS,,Q14634889,de:Weisshornhütte,Walliser Alpen,,,http://www.sac-basel.ch/unsere-huetten,,,,,,,,,,,,,,,,,,,,,,,,,,,
7.8071258,46.0885386,alpine_hut,Kinhütte,2584,"Gebrüder Imboden, Täsch",,,,,,,,,,,,,,,,,,,,,,,,,,,,,,,,,,
7.8957631,46.084786,alpine_hut,Längfluehütte,2869,,,,,,,,,,,,,,,,,,,,,,,,,,,,,,,,,,,
7.8888023,46.1094153,alpine_hut,Mischabelhütte,3335,Akademischer Alpen-Club Zürich,https://www.mischabelhuette.ch/,Q684237,,,+41 27 957 13 17,,,,,,,,,,,,,,,,,,,,,,,,,,,,,
7.7620513,46.1568813,alpine_hut,Topalihütte,2674,SAC - CAS,,Q17326615,,Walliser Alpen,,,https://www.topalihütte.ch/,,,,,,,,,,,,,,,,,,,,,,,,,,,
7.9350236,46.0600605,alpine_hut,Britanniahütte,3030,,,Q678389,de:Britanniahütte,,,,,,,,,,,,,,,,,,,,,,,,,,,,,,,
7.9848001,46.1011476,alpine_hut,Almagelleralp,2194,,,,,,,,,,,,,,,,,,,,,,,,,,,,,,,,,,,
7.9778974,46.1437614,alpine_hut,Weissmieshütte SAC,2726,,,Q682880,de:Weissmieshütte,,,,,,,,,,,,,,,,,,,,,,,,,,,,,,,
7.8170408,46.394999,alpine_hut,Bietschhornhütte,2565,,,,,,,,,,,,,,,,,,,,,,,,,,,,,,,,,,,
8.0803184,46.2607415,alpine_hut,Monte Leone-Hütte,2848,"SAC - CAS, Section Sommartel",,Q2783334,,Walliser Alpen,,,http://www.cas-sommartel.ch,,,,,,,,,,,,,,,,,,,,,,,,,,,
8.0933482,46.2938617,alpine_hut,Bortelhütten,2113,Skiklub Brig-Simplon,,,,,,,,,,,,,,,,,,,,,,,,,,,,,,,,,,
6.1035636,46.5768924,alpine_hut,Chez l'Aimé,1141,,http://chez-l-aime.magix.net/website,,,,+33 3 84 33 59 45,31,,,,Chapelle-des-Bois,25240,,,Sur les lacs,,,,12,,customers,,,,,,,,,,,required,,,
6.1679021,46.4981459,alpine_hut,Les Pralets,,,,,,,,,,,,,,,,,,,,,,yes,,,,,,,,,,,recommended,,,
6.2186355,46.5374589,alpine_hut,Cabane de l'Écureuil,,,,,,,,,,,,,,,,,,,,,,,,,,,,,,,,,,,,
6.2766981,46.5713012,alpine_hut,Cabane du Grand-Cunay,,,,,,,,,,,,,,,,,Le Grand-Cunay,,,,,,,,,,,,,,,,,,,
6.2959137,46.5819696,alpine_hut,L'aurore,,,,,,,,,,,,,,,,,,,,,,,,,,,,,,,,,,,,
6.1866994,46.6251038,alpine_hut,La Jaique,1370,,,,,,,,,,,,,,,,La Gèque,,,,,,,,,,,,,,,,,,,
6.2955918,46.5866301,alpine_hut,La Pivette,1563,Association de La Pivette,,,,,,,,,no,,,,,La pivette,,,,,,,,,,,,,,,,,,,,
6.3011038,46.5858858,alpine_hut,Cabane des éclaireurs,,,,,,,,,,,,,,,,,,,,,,,,,,,,,,,,,,,,
6.4028526,46.5798144,alpine_hut,La Bouennaz,,,,,,,,,,,no,,,,,,,,,,,,,,,,,,,,,,,,,
7.0075287,46.5277449,alpine_hut,Les Moilles,1356,,,,,,,,,,,,,,,,,,,,,,,,,,,,,,,,,,,
7.002767,46.5527394,alpine_hut,Le Gros Plané,1480,,,,,,,,,,no,,,,,,,,,,,,,no,,,,,no,,,no,,,,
6.7540427,46.6903405,alpine_hut,Buvette des Brigands,,,,,,,,,,,,,,,,,,,,,,,,,,,,,,,,,,,,
6.4474168,46.8306233,alpine_hut,Refuge de la gare d'Olten,,,,,,,,,,,,,,,,,,,,,,,,,,,,,,,,,,,,
6.5503536,46.7837067,alpine_hut,Refuge de Champvent,,,,,,,,,,,no,,,,,,,,,,,,,no,,,,,no,,,no,,,,
6.5485953,46.8069532,alpine_hut,thibaud的家,,,,,,,,,,,,,,,,,,,,,,,,,,,,,,,,,,,,
6.8430224,47.022972,alpine_hut,,,,,,,,,,,,,,,,,,,,,,,,,,,,,,,,,,,,,
6.8478808,47.1008517,alpine_hut,Ferme Sterchi - Chambres,,,https://fermesterchi.weebly.com/dormir-sur-la-paille.html,,,,+41 32 968 28 37,,,,,,,,info@fermesterchi.ch,,,,,,,,35,,,,,,,,,,,,,
6.9933911,47.1636963,alpine_hut,Chalet de Mont-Soleil,,Amis de la Nature,http://www.laserment.com/montsoleil/,,,,,,,,,,,,,,,,,,,,,,,,,,,,,,,,,
6.8894749,47.2285778,alpine_hut,Refuge de la Montée,,,,,,,,,,,,,,,,,,,,,,,,,,,,,,,,,,,,
7.0860631,46.4374912,alpine_hut,Cabane des Monts-Chevreuils,,,http://www.monts-chevreuils.ch/cabane.html,,,,+41774799086,30,,,,,,,,,,,,,,yes,,,,,,,,,,,,,,
7.2634787,46.5764612,alpine_hut,Chalet Du Soldat,,,http://www.chaletdusoldat.ch,,,,,,,,,,,,,,,,,,,,,,,,,,,CH8249,,,,,,
7.2837098,46.5955682,alpine_hut,Bärghus Gastlosen,,,,,,,,,,,,,,,,,,,,,,,,,,,,,,,,,,,,
7.2588441,46.6377342,alpine_hut,Cerniets,,,,,,,,,,,,,,,,,,,,,,,,,,,,,,,,,,,,
7.2828906,46.6295452,alpine_hut,Ritzlialp,,,,,,,,,,,,,,,,,,,,,,,,,,,,,,,,,,,,
7.2853529,46.6332031,alpine_hut,Obere Euschels,,,,,,,,,,,,,,,,,,,,,,,,,,,,,,,,,,,,
7.2897731,46.6412989,alpine_hut,Untere Euschels,,,,,,,,,,,,,,,,,,,,,,,,,,,,,,,,,,,,
7.2962218,46.5921363,alpine_hut,Chalet Grat,,,,,,,,,,,,,,,,,,,,,,,,,,,,,,,,,,,,
7.2074489,46.7088135,alpine_hut,,,,,,,,,,,,,,,,,,,,,,,,,,,,,,,,,,,,,
7.2085239,46.7110976,alpine_hut,Crau,,,,,,,,,,restaurant,,,,,,,,,,,,,,,,,,,,,,,,,,
7.2246239,46.7054221,alpine_hut,Feyersaga,1035,,,,,,,,,,,,,,,,,,,,,,,,,,,,,,,,,,,
7.3357455,46.6757824,alpine_hut,Hohberg,,,,,,,,,,,,,,,,,,,,,,,,,,,,,,,,,,,,
7.3401847,46.6704747,alpine_hut,Schönenboden,,,,,,,,,,,,,,,,,,,,,,,,,,,,,,,,,,,,
7.4994647,46.4112612,alpine_hut,"Flueseehütte, Fluhseehütte",2049,Fluhseeverein Lenk,https://www.fluhsee.ch/,,,,+41 78 926 08 92,,,,,Lenk,3775,,,,,,,,,,,,,,,"Schutzhütte, Übernachtung möglich. Reservation von Vorteil.",,,,,,,,
7.4330331,46.5457618,alpine_hut,Fromatthütte,1800,SAC,https://www.sac-wildhorn.ch/huetten/fromatthuette/,,,,,,,,,,,,,,,,,,,,,,,,,,,,,,,,,
7.4625127,46.5529237,alpine_hut,Bergheim Wildgrimmi,,Vereinigung Bergheim Wildgrimmi,https://www.bergheim-wildgrimmi.ch/,,,,,,,,no,Diemtigen,3757,,,Wildgrimmi,,,,643b,,private,,,CH,,,,,,,,,,,
7.4396304,46.5662272,alpine_hut,Stierenberg,,,,,,,,20,,,,,,,,,,,,,,,,,,,,,,,,,,,,
7.7168702,46.4162945,alpine_hut,Lötschenpass Hütte,,,https://www.loetschenpass.ch/,,,,,,,,,Wiler,3918,,,,,,,,,,,,,,,,,,,,,,,
7.6478577,46.4560973,alpine_hut,Altelshütte,1933,SAC,,,,,,,,,,,,,,,,,,14,,,,,,,,,,,,,,,,
7.649417,46.4602906,alpine_hut,Winteregghütte,1897,SAC,,,,,,,,,,,,,,,,,,,,,,,,,,,,,,,,,,
7.6559179,46.4643297,alpine_hut,Stock,1832,,,,,,,,,,,,,,,,,,,,,,,,,,,,,,,,,,,
7.6898826,46.4512143,alpine_hut,Balmhornhütte SAC,1956,SAC,,Q805473,,"Freiburger, Waadtländer und Berner Alpen",,,http://www.sac-altels.ch/huetten/balmhornhuette.php,,,,3718,,,,,,,1,,,,,,,,,,,,,,,,
7.6973396,46.4869025,alpine_hut,Doldenhornhütte,1915,,,Q1235426,,"Freiburger, Waadtländer und Berner Alpen",+41 77 453 17 86,,http://www.doldenhornhuette.ch,,,,,,doldenhornhuette@bluewin.ch,,,Tel +4177 4531786,,,,,,,,,,,,,,,,,,
7.6868072,46.5416874,alpine_hut,,,,,,,,,,,,,,,,,,,,,,,,,,,,,,,,,,,,,
7.6936617,46.5647784,alpine_hut,Grathütte,,,,,,,,,,,,,,,,,,,,,,,,,,,,,,,,,,,,
7.5164999,46.6283074,alpine_hut,Rinderalphütte SAC,1703,SAC,http://www.rindere.ch/,,,,,,,,,Erlenbach im Simmental,3762,,,Rinderalp,,,,41,,,,,CH,,,,,,,,,,,
7.4381964,46.6923247,alpine_hut,Mittliste Morgete,,,,,,,,,,,,,,,,,,,,,,,,,,,,,,,,,,,,
7.441712,46.6966644,alpine_hut,Obriste Morgeten,,,,,,,,,,,,,,,,,,,,,,,,,,,,,,,,,,,,
7.3142639,47.0148203,alpine_hut,Waldhaus - Burgergemeinde Seedorf,,,,,,,,,,,,,,,,,,Waldhaus - Burgergemeinde Seedorf,,,,,,,,,,,,,,,,,,
7.8301446,46.4862557,alpine_hut,Mutthornhütte SAC,2901,SAC - CAS,,Q1956084,,"Freiburger, Waadtländer und Berner Alpen",,,http://www.mutthornhuette.ch,,,,,,,,,,,,,,,,,,,,,,,,,,,
7.7716514,46.5101001,alpine_hut,Blümlisalphütte SAC,2840,SAC,http://www.bluemlisalphuette.com/typo3/,Q887175,,"Freiburger, Waadtländer und Berner Alpen",+4133 676 14 37,,http://www.bluemlisalphuette.com,,,Kandersteg,3718,,info@bluemlisalphuette.com,Hohtürli,,,,,,,,,,,,,,,,,,,,
7.8102967,46.5127253,alpine_hut,Gspaltenhornhütte SAC,2458,SAC - CAS,,Q16064923,,"Freiburger, Waadtländer und Berner Alpen",,,http://www.gspaltenhornhuette.ch,,,,,,,,,,,,,,,,,,,,,,,,,,,
7.8923105,46.4991445,alpine_hut,Schmadrihütte,2262,AACB,,Q1472253,,,,,www.aacb.ch/schmadri,,,,,,,,,,,,,,,,,,,,,,,,,,,
7.88549,46.5181558,alpine_hut,Berghotel Obersteinberg,1778,,,,,,,,,,,,,,,,,,,,,,,,,,,,,,,,,,,
7.8933302,46.523176,alpine_hut,Berggasthaus Tschingelhorn,1678,,,,,,,,,,,,,,,,,,,,,,,,,,,,,,,,,,,
7.8382057,46.5451932,alpine_hut,Rotstockhütte,2040,,,,,,,,,,,,,,,,,,,,,,,,,,,,,,,,,,,
7.8740173,46.5488462,alpine_hut,Spielboden,,,,,,,,,,,,,,,,,,,,,,,,,,,,,,,,,,,,
7.973836,46.4249019,alpine_hut,Oberaletschhütte,2640,SAC - CAS,,Q1585382,,"Freiburger, Waadtländer und Berner Alpen",,,http://www.oberaletsch.ch,,,,,,,,,,,,,,,,,,,,,,,,,,,
7.9117106,46.454528,alpine_hut,Anenhütte,2358,,https://anenhuette.ch/,,,,,,,,,Wiler,3918,,,,,,,,,,,,,,,,,,,,,,,
7.9603805,46.4752686,alpine_hut,Hollandiahütte,3238,SAC - CAS,,Q14907533,de:Hollandiahütte,"Freiburger, Waadtländer und Berner Alpen",,,http://www.hollandiahuette.ch,,,,,,,,,,,,,,,,,,,,,,,,,,,
7.9447199,46.5261128,alpine_hut,Rottalhütte SAC,2755,SAC - CAS,,,,"Freiburger, Waadtländer und Berner Alpen",,,,,,,,,,,,,,,,,,,,,,,,,,,,,,
7.9335823,46.5489879,alpine_hut,Silberhornhütte SAC,2663,SAC - CAS,,,,"Freiburger, Waadtländer und Berner Alpen",,,http://www.sac-lauterbrunnen.ch,,,,,,,,,,,,,,,,,,,,,,,,,,,
7.9809631,46.5479352,alpine_hut,,,,,,,,,,,,,,,,,,,,,,,,,,,,,,,,,,,,,
7.9743995,46.5627465,alpine_hut,Guggihütte,2791,SAC - CAS,,Q20669004,,"Freiburger, Waadtländer und Berner Alpen",,,http://www.sac-interlaken.ch/,,,,,,,,,,,,,,,,,,,,,,,,,,,
8.0532078,46.5004574,alpine_hut,Konkordia Hütte,,Schweizer Alpenklub SAC,,Q686133,,,,,,,,,,,,,,,,,locality,,,,,,,,,,,,,,,
8.0206851,46.5667797,alpine_hut,Berglihütte SAC,3299,SAC,,,,"Freiburger, Waadtländer und Berner Alpen",,,http://www.sac-bern.ch,,,,,,,,,,,,,,,,,,,,,,,,,,,
7.7817908,46.6257797,alpine_hut,Brunnialp,,Skiclub Leissigen,http://www.scleissigen.ch,,,,,,,,no,,,,,,,,,,,,,,,,,,no,,,,,,,
7.8689379,46.6184639,alpine_hut,Lobhorn Hutte,1955,,https://www.lobhornhuette.ch/,Q2364721,de:Suls-Lobhorn-Hütte,,+41 79 656 53 20,,,,,,,,,,,,,,,,,,,,,,,,,,,,,
7.8217329,46.7040852,alpine_hut,Hubelhuus Beatenberg,,Drudel 11 - Erlebnispädagogik und Umweltbildung,https://www.hubelhuus.ch/,,,,,,,,,,,,,,,Hubelhuus Beatenberg,,,,,,,,,,,,,,,,,,
7.8545566,46.7344684,alpine_hut,Allmi / Läger,,,,,,,,,,,wlan,,,,,,,Allmi / Läger,,,,,,,,,,,,,,,,,,
8.0414212,46.6003091,alpine_hut,Eiger-Ostegghütte,2317,,,Q1303478,,,,,,,,,,,,,,,,,,,,,,,,,,,,,,,,
8.060051,46.6004697,alpine_hut,Bäregghütte,1775,,https://www.baeregg.com/,Q1019066,de:Berghaus Bäregg,,,,,restaurant,,,,,,,,,,,,,,,,,regional,,,CH6621,,,,,,
8.0249344,46.7342851,alpine_hut,,,,,,,,,,,,,,,,,,,,,,,,,,,,,,,,,,,,,
8.2428863,46.4892737,alpine_hut,Galmihornhütte,2113,,,,,,,,,,,,,,,,,,,,,,,,,,,,,,,,,,,
8.1144707,46.5219629,alpine_hut,Finsteraarhornhütte,3048,,,Q1418340,de:Finsteraarhornhütte,,,,,,,,,,,,,,,,,,,,,,,,,,,,,,,
8.0986915,46.581836,alpine_hut,Schreckhornhütte SAC,2529,SAC,https://www.sac-basel.ch/huetten/schreckhornhuette/,Q2249586,de:Schreckhornhütte,"Freiburger, Waadtländer und Berner Alpen",+41 33 855 10 25,,http://www.sac-basel.ch/unsere-huetten,,,,,,,,,,,,,,,,,,,,,,,,,,,
8.1522305,46.5555214,alpine_hut,Aarbiwak,2731,SAC Pilatus,,,,"Freiburger, Waadtländer und Berner Alpen",,,http://www.sac-pilatus.ch,,,,,,,,,,,,,,,,,,,,,,,,,,,
8.2220231,46.5700844,alpine_hut,Lauteraarhütte,2393,SAC Zofingen,,Q15241937,,,,,http://www.haslihuetten.ch,,,,,,,,,,,,,,,,,,,,,,,,,,,
8.2774599,46.5489051,alpine_hut,Berghaus Oberaar,,KWO Kraftwerke Oberaar,https://www.grimselwelt.ch/grimselhotels/oberaar/,,,,,,,,,,,,,,,,,,,,,,,+41 33 982 36 11,,,,,welcome@grimselhotels.ch,,,,,
8.4151788,46.5724732,alpine_hut,Furkapasshöhe,,,,,,,,,,,,,,,,,,,,,,,,,,,,,,,,,,,,
8.0965635,46.6251051,alpine_hut,Glecksteinhütte SAC,2317,SAC - CAS,http://www.gleckstein.ch,Q1530186,de:Glecksteinhütte,"Freiburger, Waadtländer und Berner Alpen",,,,,,,,,,,,,,,,,,,,,,,,,,,,,,
8.1693892,46.655113,alpine_hut,Dossenhütte SAC,2663,SAC - CAS,,Q1251021,,"Freiburger, Waadtländer und Berner Alpen",,,http://www.dossenhuette.ch,,,,,,,,,,,,,,,,,,,,,,,,,,,
8.2166385,46.6237521,alpine_hut,Gaulihütte SAC,2205,SAC - CAS,,,,"Freiburger, Waadtländer und Berner Alpen",,,http://www.gauli.ch,,,,,,,,,,,,,,,,,,,,,,,,,,,
8.2592015,46.6058904,alpine_hut,Gruebenhütte,2512,AAC Basel,http://www.gruebenhuette.ch,,,,,,,,,,,,,,,,,,,,,,,,,,,,,,,,,
8.1728265,46.6831781,alpine_hut,Engelhornhütte,1901,AACB ( www.aacb.ch/engelhorn),,,,,,,,,,,,,,,,,,,,,,,,,,,,,,,,,,
8.1789421,46.7001922,alpine_hut,Reutsperre,1272,Naturfreunde,,,,,,,,,,,,,,,,,,,,,,,,,,,,,,,,,,
8.2825761,46.5869668,alpine_hut,Bächlitalhütte SAC,2328,SAC - CAS,,,,"Freiburger, Waadtländer und Berner Alpen",,,http://www.baechlitalhuette.ch,,,,,,,,,,,,,,,,,,,,,,,,,,,
8.3430171,46.6312686,alpine_hut,Gelmerhütte,2412,,https://www.gelmerhuette.ch/,,,,+41 33 973 11 80,,,,,,,,,,,,,,,,,,,,,,,,,,,,,
8.4267758,46.597464,alpine_hut,Sidelenhütte,2710,,,Q16887864,,,,,,,,,,,,,,,,,,,,,,,,,,,,,,,,
8.3479621,46.694965,alpine_hut,Windegghütten SAC,1887,SAC - CAS,,Q1719862,,"Urner, Schwyzer und Unterwaldner Alpen",,,http://www.windegghuette.ch,,,,,,,,,,,,,,,,,,,,,,,,,,,
8.3767423,46.6779097,alpine_hut,Trifthütte SAC,2520,SAC - CAS,http://www.trifthuette.ch,Q18631956,de:Trifthütte,,,,,,,,,,,,,,,,,,,,,,,,,,,,,,,
8.4142131,46.7020605,alpine_hut,Tierberglihütte SAC,2795,SAC Sektion Baselland,https://www.tierbergli.ch/,Q2432127,de:Tierberglihütte,"Urner, Schwyzer und Unterwaldner Alpen",+41 33 971 27 82,,,,,,,,,,,,,,,,70,no,,,,,,,,,,,,
7.9060843,46.7825744,alpine_hut,Hohganthütte SAC,1805,SAC,,,,SAC Emmental,,,www.sac-emmental.ch/hohganthuette/,,,,,,,,,,,,,,,,,,,,,,,,,,,
7.9814478,46.8509793,alpine_hut,Heftihütte,1904,SAC Emmental,http://www.sac-emmental.ch/heftihuette/,,,,,,,,,,,,,,,,,,,,,,,,,,,,,,,,,
7.9416032,46.9939041,alpine_hut,Gruppenunterkunft Mettlenalp,,,,,,,,,,,,,,,,,,,,,,,,,,,,,,,,,,,,
8.1761769,46.9782289,alpine_hut,Mösere Hütte,1325,,http://www.sc-malters.ch,,,,,,,,,,,,,,,,,,,,,,,,,,,,,,,,,
7.2177238,47.2084201,alpine_hut,Cabane Rochette,,Club Alpin Suisse - Section Pierre-Pertuis,,,,,,,,,,,,,,,,,,,,,,,,,,,,,,,,,,
7.384664,47.2223309,alpine_hut,Clubhaus SAC Grenchen,,,,,,,,,,,,,,,,,,,,,,,,,,,,,,,,,,,,
7.444452,47.2626894,alpine_hut,Backi,,SAC Weissenstein,,,,,,,,,,Gänsbrunnen,4716,,,Backistrasse,,,,69,,,,,,,,,,,,,,,,
7.8663787,47.3603315,alpine_hut,Naturfreundehaus Rumpel,,,,,,,,,,,,,,Su 10:00-17:00,,,,,,,,,,,,,,,,,,,,,,
7.9156622,47.3302523,alpine_hut,Hühnerweid,,,,,,,,,,,,,,,,,,,,,,,,,,,,,,,,,,,,
8.5826349,46.1014192,alpine_hut,Rifugio Monte Vecchio,,,,,,,,,,,,,,,,,,,,,,,,,,,,,,,,,,,,
8.5742436,46.1179708,alpine_hut,Rifugio Bivacco Pluni,1450,,,,,,,,,,,,,,,,,,,,,,,,,,,,,,,,,,,
8.5623141,46.220962,alpine_hut,Capanna Alpe Saléi,1777,Patriziato di Comologno,http://www.capannasalei.ch,Q3656678,it:Capanna Alpe Saléi,,,20,,,,,,,,,,,3,,,,,,,,,,,,,,,,,
8.6250953,46.109288,alpine_hut,,,,,,,,,,,,,,,,,,,,,,,,,,,,,,,,,,,,,
8.6472865,46.1153875,alpine_hut,Bivacco Giorgio Ielmoni,1809,,,,,,,,,,,,,,,,,,,,,,,,,,,,,,,,,,,
8.7771419,46.0764848,alpine_hut,Rifugio Forcora,1164,Paola Baratta,http://www.vareselandoftourism.it/?dove_dormire=search&lang=it&struttura=9&PAG=rifugio-forcora--rifugi-con-alloggio-dove-dormire&o=724,,,,+39 0332 558132,8,,,,Veddasca,,"Jan-Dec; Tu off",info@rifugioforcora.it,Passo Forcora,,,,,,,,,,,,,,,,,,,,
8.7885444,46.0996504,alpine_hut,Rifugio Alpetto di Caviano,1255,Patriziato di Caviano,,Q3656690,it:Capanna Alpetto di Caviano,,,10,,,,,,,,,,,,,,,,,,,,,,,,,,,,
8.5146727,46.2325154,alpine_hut,Capanna Alpe Arena,1689,Patriziato di Onsernone,https://www.capanneti.ch/huts/main.jsp?id_language=1&id_hut=50,Q3656692,it:Capanna Arena,,+42 0796212112,30,,,no,,,,patriziato.onsernone@bluewin.ch,,,,,,,,,,,,,,,,,,,,,
8.5416081,46.2513252,alpine_hut,Capanna Ribia,1996,Patriziato generale d'Onsernone,http://www.onsernone.ch/index.php?option=com_hotelguide&view=hotel&id=6%3Arifugio-ribia&Itemid=190&lang=it,Q3656724,it:Capanna Ribia,,,,,,,,,,,,,,,,,,,,,,,,,,,,,,,
8.5892916,46.2712887,alpine_hut,Capanna Alzasca,1734,CAS Locarno,http://www.cas-locarno.ch/,Q3656691,it:Capanna Alzasca,Alpi ticinesi,,27,,,,,,,,,,,,,,,,,,,,,,,,,,,,
8.4871572,46.3910545,alpine_hut,Capanna Piano delle Creste,2108,Società Alpinistica Valmaggese,,Q3656715,it:Capanna Pian di Crest,,,36,,,,,,,,,Capanna Pian di Crest,,,,,,,,,,,,,,,,,,,
8.6033536,46.37953,alpine_hut,Rifugio Fiorasca,2086,Società Alpinistica Valmaggese,,,,,,,,,,,,,,,,,,,,,,,,,,,,,,,,,,
8.7673913,46.2520744,alpine_hut,Capanna Alpe di Nimi,1718,Pietro Zanoli,,Q3656688,it:Capanna Alpe di Nimi,,,15,,,,,,,,,,,,,,,,,,,,,,,,,,,,
8.7751778,46.2725692,alpine_hut,Capanna Starlaresc,,,,,,,,,,,,,,,,,,,,,,,,,,,,,,,,,,,,
8.7624044,46.2763396,alpine_hut,Capanna Alpe Masnee,2063,Patriziato di Maggia,,Q3612936,it:Alpe Masnee,,,12,,,,,,,,,,,,,,,,,,,,,,,,,,,,
8.6888051,46.3660957,alpine_hut,Rifugio Tomeo,1882,Patriziato di Broglio,http://www.vialtavallemaggia.ch/rifugi_e_capanne.html,Q3935660,it:Rifugio Tomeo,,,10,,,,,,,,,,,,,,,,,,,,,,,,,,yes,,
8.7109309,46.4060743,alpine_hut,Capanna Soveltra,1534,SAV Bignasco,http://www.sav-vallemaggia.ch,Q3656729,it:Capanna Sovèltra,,,28,,,,,,,,,,,,,,,,,,,,closed due to fire damage http://www.sav-vallemaggia.ch/informazioni/,,,,,,,,
8.7487565,46.3957467,alpine_hut,Capanna Barone,2172,Società Escursionistica Verzaschese (SEV),http://www.fondazioneverzasca.ch/it/40/barone.aspx,Q3656694,it:Capanna Barone,,,35,,,,,,,,,,,,,,,,,,,,,,,,,,yes,,
8.8146588,46.1051946,alpine_hut,Rifugio St. Anna,,,,,,,,,,,,,,,,,,,,,,,,,,,,,,,,,,,,
8.8317723,46.1988368,alpine_hut,Capanna dei Monti di Lego,1110,Parrocchia di Mergoscia,http://www.fondazioneverzasca.ch/it/46/monti_di_lego.aspx,Q3656732,it:Capanna dei Monti di Lego,,,10,,,,,,,,,,,,,,,,,,,regional,,,,,,,,,
8.8790146,46.2285832,alpine_hut,Nucleo di Odro,1240,,https://www.odro.ch/,Q1029007,it:Nucleo di Odro,,+41 79 746 1900,,,,,,,,,,,,,,,,,,,,,,,,,,,,,
8.9325464,46.1969831,alpine_hut,Capanna Orino,1400,Patriziato di Gudo,http://www.patriziatodigudo.ch/la%20capanna%20di%20orino.htm,Q3656682,it:Capanna Alpe d'Orino,,,17,,,,,,,,,,,,,,,,,,,,,,,,,,,,
8.9507598,46.1963953,alpine_hut,Capanna Mognone,1460,Patriziato di Sementina,https://www.patriziato-sementina.ch/beni-patriziali/capanna-mognone/,Q3656677,it:Capanna Alpe Mognone,,,12,,,,,,,,,Capanna Alpe Mognone,,1,,,,,,,,,,,,,,,,,
8.9250628,46.2295352,alpine_hut,Capanna Borgna,1912,Società Escursionistica Verzaschese (SEV),http://www.fondazioneverzasca.ch/it/41/borgna.aspx,Q3656696,it:Capanna Borgna,,,27,,,,,,,,,,,,,,,,,,,,,,,,,,,,
8.9564198,46.2224779,alpine_hut,Capanna Albagno,1870,UTOE sezione Bellinzona,http://www.utoe.ch/?id=472,Q3656673,it:Capanna Albagno,,,28,,,,,,,,,,,3,,,,,,,,,,,,,,,,,
8.9819461,46.0867228,alpine_hut,Capanna La Ginestra,985,Amici della Natura Sezione Lugano,https://www.amicidellanatura-lugano.ch/capanna.html,,,,,28,,,,,,,,,,,7,,,,,,,,,,,,,,,,,
9.0139576,46.0999981,alpine_hut,Capanna Monte Bar,1600,CAS Ticino,http://www.capannamontebar.ch/,Q3656740,it:Capanna del Monte Bar,,+41 (0)91 9663322,44,,,yes,,,,,,,,,,,,,,,,,,,,,,,,,
8.9930572,46.1943921,alpine_hut,Curzútt,,,http://www.curzutt.ch,,,,+41 91 835 57 23,,,,,,,,curzutt@gastrosos.ch,,,,,,,,,,,,,,,,,,,,,
9.0622676,46.1790896,alpine_hut,Capanna Genzianella,,Amici della natura Sezione di Bellinzona,https://www.amicidellanatura-lugano.ch/,Q3656708,it:Capanna Genzianella,,,,,,,,,,,,,,1,,,,22,,,,,,,,,,,,,
9.1280009,46.1610833,alpine_hut,Alpe di Giumello,1585,,,,,,,,,,,,,,,,,,,,,,,,,,,,,,,,,,,
9.120836,46.1814054,alpine_hut,Capanna Gesero,1765,UTOE Bellinzona,http://www.utoe.ch/?id=470,Q3656739,it:Capanna del Gesero,,,40,,,,,,,,,,,,,,,,,,,,,,,,,,,,
8.9301687,46.2426357,alpine_hut,Rifugio Alpe Moroscetto,,Patriziato di Preonzo,https://www.patriziatopreonzo.ch/capanne.html,,,,,,,,,,,,,,,,,,,,,,,,,,,,,,,,,
8.9405515,46.2465662,alpine_hut,Rifugio Alpe di Confiénn,,Patriziato di Preonzo,https://www.patriziatopreonzo.ch/capanne.html,,,,,,,,no,,,,,,,,,,,,,,,,,,,,,,,,,
8.9532128,46.2359996,alpine_hut,Rifugio Alpe di Cusale,,Patriziato di Preonzo,https://www.patriziatopreonzo.ch/capanne.html,,,,,,,,no,,,,,,,,,,,,,,,,,,,,,,,,,
8.9520333,46.2528669,alpine_hut,Rifugio Alpe di Lai,1138,Patriziato di Preonzo,https://www.patriziatopreonzo.ch/capanne.html,,,,,,,,no,,,,,,,,,,,,,,,,,,,,,,,,,
8.8975657,46.2794388,alpine_hut,Capanna Cornavosa,1991,Società Escursionistica Verzaschese (SEV),http://www.fondazioneverzasca.ch/it/58/cornavosa.aspx,Q1034200,it:Capanna Cornavòsa,,+41798927299,24,,,,,,,,,,,,,,,,,,,,,,,,,,,,
8.8989243,46.2970307,alpine_hut,Capanna Alpe Fümegna,1810,Società Escursionistica Verzaschese (SEV),http://www.fondazioneverzasca.ch/it/45/fumegna.aspx,Q3656676,it:Capanna Alpe Fümegna,,+41 79 223 96 09,15,,,,,,,,,,,,,,,,,,,,,,,,,,,,
8.925821,46.3156322,alpine_hut,Rifugio Alpe Repiano,1293,,,,,,,,,,,,,,,,,,,,,,,,,,,,,,,,,,,
8.9527854,46.2999975,alpine_hut,Capanna Alpe d'Alva,1570,Patriziato di Lodrino,,Q3656680,it:Capanna Alpe d'Alva,,,24,,,,,,,,,,,,,,,,,,,,,,,,,,,,
8.8256438,46.3505856,alpine_hut,Rif. Alpe Costa,,,,,,,,,,,,,,,,,,,,,,,,,,,,,,,,,,,,
8.8514679,46.3384422,alpine_hut,Capanna Efra,2039,Società Escursionistica Verzaschese (SEV),http://www.fondazioneverzasca.ch/it/44/efra.aspx,Q3656733,it:Capanna d'Efra,,+41 774 46 84 50,24,,,,,,,,,,,,,,,,,,,,,,,,,,,,
8.8131781,46.3764712,alpine_hut,Capanna Cognóra,1938,Società Escursionistica Verzaschese (SEV),http://www.fondazioneverzasca.ch/it/42/cogn%C3%B3ra.aspx,Q3656702,it:Capanna Cognöra,,+41 79 400 71 81,20,,,,,,,,,,,,,,,,,,,,,,,,,,yes,,
8.938496,46.394603,alpine_hut,Capanna Pian d'Alpe,1764,UTOE Torrone d'Orza,http://www.utoe-biasca.ch/index.php?page=capanna-pian-d-alpe-2,Q3656717,it:Capanna Pian d'Alpe,,,37,,,,,,,,,,,3,,,,,,,,,,,,,,,,,
9.0633216,46.2628804,alpine_hut,Capanna Brogoldone,1904,Associazione Amici Capanna Brogoldone,http://www.brogoldone.ch,Q3656698,it:Capanna Brogoldone,,,60,,,,,,,,,,,,,,,,,,,,,,,,,,,,
9.1392059,46.297043,alpine_hut,Alp di Fora,,,,,,,,,,,,,,,,,,,,,,,,,,,,,,,,,,,,
9.0303116,46.3575123,alpine_hut,Capanna di Cava,2066,UTOE Torrone d'Orza,http://www.utoe-biasca.ch/index.php?page=capanna-cava-3,Q3656744,it:Capanna di Cava,,,42,,,,,,,,,,,,,,,,,,,,,,,,,,,,
8.9970384,46.4029704,alpine_hut,Tessinhütte,,,,,,,,,,,,,,,,,,,,,,,,,,,,,,,,,,,,
9.1823747,46.1905041,alpine_hut,Rifugio Cortin,1663,Patriziato di Roveredo,,,,,,6,,shelter,,,,,,,,,,,,yes,,,,,,,,,,,,,no,
9.2236734,46.2579895,alpine_hut,Capanna Righetti Fibbioli,,,http://www.valcama.ch/unterkunft_it.html,,,,,,,,,,,,,,,,,,,,,,,,,,,,,,,,,
9.2247246,46.2581748,alpine_hut,Capanna Miralago,1265,,http://www.valcama.ch/unterkunft_it.html,,,,+41 78 759 42 27,,,,,,,,,,,,,,,,,,,,,,,,,,,,,
9.1484285,46.3510673,alpine_hut,Buffalora,2078,ASAC,https://sentiero-calanca.ch,,,,,,,,,,,,,,,,,,,,,,,,,,,,,,,,yes,
9.6551066,46.3299396,alpine_hut,Capanna da l'Albigna CAS,2336,SAC - CAS,,,,Bündner Alpen,,90,http://www.albigna.ch/,,,,,,,,,,,,,,,,,,,,,,,,,,,
9.7094883,46.3318317,alpine_hut,Capanna del Forno CAS,2574,SAC - CAS,,Q3656738,,Bündner Alpen,,,http://www.fornohuette.ch,,,,,,,,,,,,,,,,,,,,,,,,,,,
9.8354088,46.3838188,alpine_hut,Chamanna Coaz CAS,2610,SAC - CAS,,Q3666052,,Bündner Alpen,,,http://www.coaz.ch,,,,,,,,,,,,,,,,,,,,,,,,,,,
9.8799822,46.4039863,alpine_hut,Chamanna da Tschierva,2583,,,Q683428,,,,,,,,,,,,,,,,,,,,,,,,,,,,,,,,
10.1186141,46.3970393,alpine_hut,Rifugio SAC Lungacqua Saoseo,1985,SAC Bernina,,,,,,,,,,,,,,,,Saoseo-Hütte,,,,,,,,,,,,,,,,,,
8.514129,46.439542,alpine_hut,Capanna Basodino CAS,1856,SAC - CAS sezione di Locarno,http://www.cas-locarno.ch,Q3656695,it:Capanna Basòdino,Alpi ticinesi,,60,,,,,,,,,,,,,,,,,,,,,,,,,,,,
8.5261924,46.4718542,alpine_hut,Capanna Cristallina,2568,CAS Ticino,http://www.capannacristallina.ch/,Q1140244,it:Capanna Cristallina,Alpi ticinesi,,120,,,,,,,,,,,,,,,,,,,,,,,,,,,,
8.47149,46.4944149,alpine_hut,Capanna Piansecco,1982,CAS Bellinzona e valli,http://www.casbellinzona.ch/new/index.php?option=com_content&view=article&id=50:capanna-piansecco&catid=39:capanne&Itemid=58,Q3656720,it:Capanna Piansecco,,,50,,,,,,,,,,,,,,,,,,,,,,,,,,,,
8.7326694,46.4442266,alpine_hut,Capanna Campo Tencia,2140,CAS Ticino,http://www.campotencia.ch,Q3656736,it:Capanna del Campo Tencia,Alpi ticinesi,,71,,,,,,,,,,,,,,,,,,,,,,,,,,,,
8.7188172,46.4669219,alpine_hut,Capanna Leit,2257,SAT Mendrisio,http://www.capanna-leit.ch,Q3656712,it:Capanna Leìt,,,60,,,,,,,,,,,6,,,,,,,,,,,,,,,,,
8.7248928,46.4816609,alpine_hut,Capanna Tremorgio,1850,Azienda elettrica ticinese,http://www.capannatremorgio.ch,Q3656731,,,,47,,,,,,,,,,,,,,,,,,,,,,,,,,,,
8.6614501,46.4990087,alpine_hut,Capanna Garzonera,1973,SAT Ritom,https://www.satritom.ch/5RG-garzonera.htm,Q3656705,it:Capanna Garzonera,,,20,,,,,,,,,,,,,,,,,,,,,,,,,,,,
8.6679764,46.5330218,alpine_hut,Rifugio Föisc,2208,Patriziato di Altanca,,,,,,8,,,,,,,,,,,,,,,,,,,,,,,,,,,,
8.6952501,46.571636,alpine_hut,Capanna Cadlimo,2570,CAS Uto Zurigo,https://www.cadlimohuette.ch/index.php?id=160,Q1025279,it:Capanna Cadlimo,,,80,,,,,,,,,,,,,,,,,,,,,,,,,,,,
8.7196139,46.5465894,alpine_hut,Capanna Cadagno,1987,SAT Ritom,https://www.capannacadagno.ch/,Q3656700,it:Capanna Cadagno,,+41 91 868 13 23,75,,,,,,,info@capannacadagno.ch,,,,10,,,,,,,,,,,,,,,,,
8.4640257,46.6088591,alpine_hut,Albert-Heim-Hütte (SAC),2541,SAC-Sektion Uto,https://albertheimhuette.ch,Q2637443,de:Albert-Heim-Hütte,,+41 (0)41 887 17 45,,http://www.albert-heim-huette-sac.ch/,,,,,,info@albertheimhuette.ch,,,,,,,,,no,,,,"Die Albert-Heim-Hütte ist eine Berghütte in der Schweiz in den südlichen Urner Alpen. Sie ist im Besitz der SAC-Sektion Uto. Die Hütte ist nach dem Alpenforscher und Geologieprofessor Albert Heim benannt, der seit 1888 Ehrenmitglied der SAC-Sektion Uto.",,CH8301,,,,,,
8.4577823,46.6448663,alpine_hut,Dammahütte SAC,2430,SAC - CAS,http://www.sac-pilatus.ch/huetten/dammahuette/,Q1158616,,"Urner, Schwyzer und Unterwaldner Alpen",,,,,,,,,,,,,,,,,,,,,,,,,,,,,,
8.4850197,46.6573871,alpine_hut,Bergseehütte SAC,2370,,,,,,,,,,,,,,,,,,,,,,,,,,,,,,,,,,yes,
8.4398756,46.6716987,alpine_hut,Chelenalphütte,2350,SAC - CAS,https://www.chelenalp.ch/,Q1069054,de:Chelenalphütte,,+41 41 885 19 30,,,,,Göschenen,6487,,,,Kehlenalphütte,,,,,,56,no,CH,,,,no,,,,,,,
8.4877387,46.6905297,alpine_hut,Voralphütte SAC,2126,,,,,,,,,,,,,,,,,,,,,,,,,,,,,,,,,,,
8.4707938,46.7517064,alpine_hut,Sustlihütte SAC,2257,SAC - CAS,,Q56817151,,"Urner, Schwyzer und Unterwaldner Alpen",,,http://www.sustlihuette.ch,,,,,,,,,,,,,,,,,,,,,,,,,,,
8.5210732,46.7466577,alpine_hut,Sewenhütte SAC,2150,SAC - CAS,,,,"Urner, Schwyzer und Unterwaldner Alpen",,,http://www.sewenhuette.ch,,,,,,,,,,,,,,,,,,,,,,,,,,,
8.5519035,46.6764957,alpine_hut,Salbithütte,2105,,,,,,+41 41 885 14 31,58,,,,,,,,,,,,,,,,,,,,,,,,,,,,
8.6580085,46.5945273,alpine_hut,Vermigel Hütte,2042,SAC Zofingen,https://www.sac-zofingen.ch/huetten/vermigelhuette/,Q2517054,,,,,,,wlan,,,,,,,,,,,,,,,,,,,,,no,,,,
8.6901242,46.6253633,alpine_hut,Camona da Maighels CAS,2309,SAC - CAS,,Q1885245,,Bündner Alpen,,,http://www.maighelshuette.ch,,,,,,,,,Maighels-Hütte SAC,,,,,,,,,,,,,,,,,,
8.6684224,46.6365569,alpine_hut,Badushütte SAC Manegg,2503,SAC Manegg,https://www.badushuette.ch/,Q799710,,,,,,,,,,Jul-Sep,,,,,,,,,,,,,,,,,,,,,,
8.649453,46.7186045,alpine_hut,Treschhütte SAC,1475,SAC - CAS,,,,"Urner, Schwyzer und Unterwaldner Alpen",,,http://www.treschhuette.ch,,no,,,,,,,,,,,,,,,,,,,,,,,,,
8.7206558,46.7182204,alpine_hut,Etzlihütte,2052,SAC Thurgau,http://etzlihuette.ch,Q1372024,,,+41 41 820 22 88,,,,,Silenen,6473,,,Hinter Etzli,,,,,,,,,,,,,,,,,,,,
8.884226,46.4814914,alpine_hut,Capanna Piandios,1867,Sci Club Crap,http://www.sciclubcrap.ch/index.php/capanna,Q3656718,it:Capanna Piandios,,,40,,,,,,,,,,,3,,,,,,,,,,,,,,,,,
8.8457079,46.5063465,alpine_hut,Capanna Gana Rossa,2270,UTOE Pizzo Molare,,Q3656707,it:Capanna Gana Rossa,,,12,,,,,,,,,,,,,,,,,,,,,,,,,,,,
8.9109304,46.4980084,alpine_hut,Capanna Gorda,1800,Società Nido d'Aquila,http://capannagorda.ch,Q3656711,it:Capanna Gorda,,,32,,,,,,,,,,,,,,,,,,,,,,,,,,,,
8.8796271,46.5316414,alpine_hut,Capanna Dötra,1748,SAT Lucomagno,,Q3656703,it:Capanna Dötra,,,54,,,,,,,,,,,,,,,,,,,,,,,,,,,,
8.8885673,46.5600297,alpine_hut,Capanna Bovarina,1870,UTOE sezione di Bellinzona,http://www.utoe.ch/?id=471,Q3656699,it:Capanna Bovarina,,+41(0)918721529,42,,,,,,,,,,,,,,,,,,,,,,,,,,,,
9.0236643,46.4730931,alpine_hut,Capanna Quarnei,2107,Società Alpinistica Bassa Blenio,http://www.quarnei.ch/,Q2122324,it:Capanna Quarnèi,,,58,,,,,,,,,,,6,,,,,,,,,,,,,,,,,
8.995737,46.4990926,alpine_hut,Capanna Adula CAS,2012,SAC - CAS,,Q378873,it:Capanna Adula CAS,,,34,http://www.capannaadula.ch/,,,,,,,,,,,,,,,,,,,,,,,,,,,
9.0076299,46.4953103,alpine_hut,Capanna Adula UTOE,2393,Unione ticinesi operai escursionisti sezione di Bellinzona,,Q378877,it:Capanna Adula UTOE,,+41 (0)91 872 16 75,54,http://www.utoe.ch/?id=473,,,,,,,,,,,,,,,,,,,,,,,,,,,
9.0417828,46.5415668,alpine_hut,Läntahütte SAC,2090,SAC - CAS,,,,Bündner Alpen,,,http://www.laenta.ch,,,,,,,,,,,,,,,,,,,,,,,,,,,
9.0939342,46.5000489,alpine_hut,Zapporthütte SAC,2276,SAC - CAS,,,,Bündner Alpen,,,http://www.zapport.ch,,,,,,,,,,,,,,,,,,,,,,,,,,,
8.9402902,46.6077133,alpine_hut,Capanna Scaletta,2205,SAT Lucomagno,,Q2228780,it:Capanna Scaletta,,,40,,,,,,,,,,,,,,,,,,,,,,,,,,,,
8.9138109,46.6405072,alpine_hut,Camona da Medel CAS,2524,SAC - CAS,,Q1400791,,Bündner Alpen,,,http://www.medelserhuette.ch,,,,,,,,,,,,,,,,,,,,,,,,,,,
8.8142692,46.742437,alpine_hut,Cavardirashütte,2649,,,Q1051780,,,,,,,,,,,,,,,,,,,,,,,,,,,,,,,,
9.005443,46.5933282,alpine_hut,Capanna Motterascio,2172,CAS Ticino,http://www.capannamotterascio.ch,Q507626,it:Capanna Motterascio,,,60,,,,,,,,,,,,,,,,,,,,,,,,,,,,
8.5097981,46.7998331,alpine_hut,Spannorthütte SAC,1956,SAC - CAS,,,,"Urner, Schwyzer und Unterwaldner Alpen",,,http://www.spannorthuette.ch,,no,,,,,,,,,,,,,,,,,,,,,,,,,
8.5754329,46.8000608,alpine_hut,Krönten Hütte (SAC),1903,SAC,http://www.kroentenhuette.ch,Q1790647,de:Kröntenhütte,"Urner, Schwyzer und Unterwaldner Alpen",+41 41 880 01 22,,,,,,6472,,,,,,,,,,,,,,,,,,,,,,,
8.6011893,46.7836764,alpine_hut,Leutschachhütte SAC,2208,SAC - CAS,,,,"Urner, Schwyzer und Unterwaldner Alpen",,,http://www.leutschach.ch,,,,,,,,,,,,,,,,,,,,,,,,,,,
8.4642399,46.9149045,alpine_hut,Brisenhaus,1753,,,Q917739,,,+41 41 628 18 91,,,,,,,,,,,,,,,,,,,,,,,,,,,,,
8.63398,46.7834547,alpine_hut,Bergrestaurant Sunniggratli,,,,,,,,,,restaurant,,,,,,,,,,,,,,,,,,,,,,,,,,
8.7557116,46.7902064,alpine_hut,Windgällenhütte,2032,AACZ,,,,,,,,,,,,,,,,,,,,,,,,,,,,,,,,,,
8.7044351,46.8414376,alpine_hut,Stafelalp,,,,,,,,,,restaurant,,,,,,,,,,,,,,,,,,,,,,,,,,
8.6913107,46.9244724,alpine_hut,Alp Spilau,1900,Familie Furrer-Gisler,https://www.alp-spilau.ch/,,,,+41 79 567 45 64,,,,no,,,,,,,,1,,,,6,,,,,,,,,,required,no,,
8.5391415,47.0020764,alpine_hut,Arche Ruchenberg,850,,,,,,,,,,,,,,,,,,,,,,,,,,,,,,,,,,,
8.6926599,46.9351593,alpine_hut,Lidernenhütte SAC,1727,SAC - CAS,,,,"Urner, Schwyzer und Unterwaldner Alpen",,,http://www.lidernenhuette.ch,,,,,,,,,,,,,,,,,,,,,,,,,,,
8.6759883,46.9657993,alpine_hut,Metzg-Hütte,,,,,,,,,,restaurant,,,,,,,,,,,,,,,,,,,,,,,,,,
8.7984837,46.7795427,alpine_hut,Hinterbalmhütte,1817,,http://www.hinterbalmhütte.ch/,,,,+41418831939,,,,,,,,,,,,,,,,40,,,,,,,,,,,,,
8.7979487,46.7826095,alpine_hut,Düssi Ald,,,,,,,,,,,,,,,,,,,,,,,,,,,,,,,,,,,,
8.8189945,46.8018251,alpine_hut,Hüfihütte,2334,SAC Sektion Pilatus,https://www.sac-pilatus.ch/,,de:Hüfihütte,"Urner, Schwyzer und Unterwaldner Alpen",,,,,,Silenen,6473,,,,,,,,,,,,CH,,,,,,,,,,,
8.9560326,46.7772891,alpine_hut,Camona da Punteglias CAS,2311,SAC - CAS,,Q1029661,,"Glarner und St. Galler Alpen, Alpstein",,,http://www.punteglias.ch/,,,,,,,,,,,,,,,,,,,,,,,,,,,
8.8805581,46.8199797,alpine_hut,Planurahütte,2947,SAC Sektion Tödi,http://planurahuette.ch/,Q1748876,de:Planurahütte,"Glarner und St. Galler Alpen, Alpstein",+41 41 885 16 65,,,,,,,,,,,,,,,,,,,,,,,,,,,,,
8.9500233,46.821305,alpine_hut,Fridolinshütte,2111,SAC Sektion Tödi,http://www.fridolinshuette.ch,Q1456264,de:Fridolinshütte,"Glarner und St. Galler Alpen, Alpstein",+41 55 643 34 34,,,,,,,24/7,,,,,,,,,,,,,,,,,,,,,,
8.8750058,46.9168403,alpine_hut,Glattalphütte,1896,SAC Sektion Mythen,,Q15812400,de:Glattalphütte,"4 Glarner und St. Galler Alpen, Alpstein",,,http://www.glattalphuette.ch,,,,,,,,,,,,,,,,,,,,,,,,,,,
8.935567,46.859479,alpine_hut,Claridenhütte,2457,SAC Sektion Bachtel,http://www.claridenhuette.ch,Q1095571,de:Claridenhütte,"Glarner und St. Galler Alpen, Alpstein",,,,,,,,24/7,,,,,,,,,,,,,,,,,,,,,,
9.0265447,46.8145205,alpine_hut,Bifertenhütte,2482,AACB Akademischer Alpenclub Basel,https://biferten.ch/,Q858247,de:Bifertenhütte,,,,,,,,,,,,Camona Durschin,,,,,,,,,,,,,,,,,,,
9.0293435,46.8403644,alpine_hut,Kistenpasshütte,2729,SAC Sektion Winterthur,https://www.sac-winterthur.ch/huetten/kistenpass.php,,,,+41 79 201 35 13,,,,,,,Jul 01-Oct 15 00:00-24:00,,,,,,,,,,,,,,,,,,,,,,
9.0188198,46.8574922,alpine_hut,Muttseehütte,2501,SAC Sektion Winterthur,https://muttseehuette.ch,Q1956096,de:Muttseehütte,,+41 55 643 32 12,,,,yes,,,24/7,,,,,,,,,,,,,,,,,,,,,,
8.9726099,46.9264241,alpine_hut,Rieter Ortsstafel,1735,,,,,,,,,,,,,,,,,,,,,,,,,,,,,,,,,,,
9.0801839,46.9274201,alpine_hut,Leglerhütte,2273,SAC Sektion Tödi,https://leglerhuette.ch/,Q1812940,de:Leglerhütte,"Glarner und St. Galler Alpen, Alpstein",+41 55 640 81 77,,,cafe,,Diesbach,,,,Rotstock,,,,1,,,,,,,,,,,,,,,,
9.1129098,46.8997551,alpine_hut,Skihütte Obererbs,1700,Skiclub Elm,https://www.obererbs.ch/,,,,+41 55 642 50 53,,,,,,,,,,,,,,,,,,,,,,,,,,,,,
8.9635939,47.0016058,alpine_hut,Glärnischhütte,1990,SAC Sektion Tödi,http://www.glhuette.ch,,,"Glarner und St. Galler Alpen, Alpstein",+41 55 640 64 00,,,,,,,"Jun Sa-Su; Jul 1-Sep 15 Mo-Su; Sep 16-Oct 15 Sa-Su",,,,,,,,,,,,,,,,,,,,,,
8.9229054,47.0561655,alpine_hut,Lufthütte,1433,Jugend SAC Bachtel,https://www.jo-bachtel.ch/lufthuette.php,,,,,,,,no,,,,,,,,,,,,,,,,,,,,,,,,,
8.9397199,47.0818023,alpine_hut,Hohfläschenhütte,,,,,,,,,,,,,,,,,,,,,,,,,,,,,,,,,,,,
8.9693586,46.9425091,alpine_hut,Ober Stafel,1606,,,,,,,,,,,,,,,,,,,,,,,,,,,,,,,,,,,
9.1631902,46.4132596,alpine_hut,Rifugio Pian Grand,2398,Associazione Sentieri Alpini Calanca (ASAC),https://sentiero-calanca.ch/hutten-am-weg/#RifugioPianGrand,Q2152723,,,,,,shelter,,,,,,,,,,,,,,,,,,,,,,,required,,yes,
9.31026,46.4088479,alpine_hut,Agriturismo La Baita dei Fiori,,,,,,,,,,,,,,,,,,,,,,,,,,,,,,,,,,,,
9.3505016,46.467819,alpine_hut,Rifugio Stuetta,1890,Privato,http://rifugiostuetta.altervista.org/,,,,+39 3394671747 or +39 034353174,,,,,Madesimo,23024,,stuetta@gmail.com,Strada Statale 36 dello Spluga,,,7,,,,17,,IT,,,,,,,,,,,
9.3663244,46.5706547,alpine_hut,Menn's Buurastübli,1434,Menn Martin & Bettina,,,,,+41 81 664 10 42,,,,wlan,,,,m.menn@bluewin.ch,,,,,,,,,,,,,,,,,no,,,,
9.1669634,46.6214933,alpine_hut,Hängela,,,,,,,,,http://www.sac-albis.ch/huetten/haengela-clubhuette/,,,,,,,,,,,,,,,,,,,,,,,,,,,
9.2760238,46.6247056,alpine_hut,Turrahus,1694,,https://www.turrahus.ch/,,,,,,,,,Thalkirch,7109,,,,,,,,,,,,CH,,,,,,,,,,,
9.2817225,46.6588023,alpine_hut,Camaner-Ställi,,,,,,,,,,,,Safien,7107,,,Camana,,,,,,,,,,,,,,,,,,,,
9.1449707,46.7201228,alpine_hut,,,,,,,,,,,,,,,,,Pravadun,,,,,,,,,,,,,,,,,,,,
9.3072971,46.7428823,alpine_hut,,,,,,,,,,,,,,,,,,,,,,,,,,,,,,,,,,,,,
9.3590157,46.5933288,alpine_hut,Cufercalhütte SAC,2385,SAC - CAS,,,,Bündner Alpen,,,http://www.cufercal.ch,,,,,,,,,,,,,,,,,,,,,,,,,,,
9.652005,46.4928284,alpine_hut,Alp Natons,1963,,,,,,,,,,,,,,,,,,,,,,,,,,,,,,,,,,,
9.5530208,46.5611024,alpine_hut,Berghaus Radons,,,,,,,,,,,,,,,,,,,,,,,,,,,,,,,,,,,,
9.7944505,46.491475,alpine_hut,Alp Suvretta,,,,,,,,,,,,,,,,,,,,,locality,,,,,,,,,,,,,,,
9.7244293,46.52928,alpine_hut,Chamanna Jenatsch,,,http://www.chamannajenatsch.ch,Q1060446,,,,,,,,,,,,,,,,,,,,,,,,,,,,,,,,
9.6927017,46.5714327,alpine_hut,Alp d'Err,2177,,,,,,,,,,,,,,,,,,,,,,,,,,,,,,,,,,,
9.8180486,46.4980854,alpine_hut,Alp Giop,,,,,,,,,,,,,,,,,,,,,locality,,,,,,,,,,,,,,,
9.8289958,46.5047641,alpine_hut,Alp Nova,,,,,,,,,,,,,,,,,,,,,locality,,,,,,,,,,,,,,,
9.6437835,46.7308966,alpine_hut,Ramozhütte,2293,SAC,,,,,,,,,,,,,,,,,,,,,,,,,,,,,,,,,,
9.6919131,46.6187485,alpine_hut,Chamonas d'Ela CAS,2252,SAC - CAS,,,,Bündner Alpen,,,http://www.sac-davos.ch,vending_machine,,,,,,,,,,,,,,,,,,,,,,,,,,
9.7209163,46.6234537,alpine_hut,Chamanna D'Uglix,,,,,,,,,,,,,,,,,,,,,,,,,,,,,,,,,,,,
9.7971924,46.5934046,alpine_hut,Alp Zavretta,,,,,,,,,,,,,,,,,,,,,,,,,,,,,,,,,,,,
9.8144145,46.7473464,alpine_hut,Hubelhütte,2281,,,,,,,,,,,,,,,,,,,,isolated_dwelling,,,,,,,,,,,,,,,
9.1883141,46.8925555,alpine_hut,Martinsmadhütte,2002,SAC Sektion Randen,https://martinsmadhuette.ch/,Q21037128,de:Martinsmadhütte,,+41 55 642 1212,48,,,,,,,,,,,,,,,,,,,,,,,,,,,,
9.2246313,46.9021783,alpine_hut,Mountain Lodge Segnespass,2627,,http://www.segnespass.ch,,,,+41 79 7040594,,,cafe,,,,Jul-Sep,,,Segnespasshütte,,,,,,,,,,,,,,,,,,,
9.2399194,46.8676964,alpine_hut,Segneshütte,,,,,,,,,,restaurant,,,,,,,,,,,,,,,,,,,,,,,,,,
9.3806466,46.8657736,alpine_hut,Ringelspitzhütte SAC,1998,SAC - CAS,,Q57150019,,"Glarner und St. Galler Alpen, Alpstein",,,http://www.ringelspitz.ch,,,,,,,,,,,,,,,,,,,,,,,,,,,
9.4822113,46.883014,alpine_hut,Calandahütte SAC,,,,,,,,,,,,,,,,,,,,,,,,,,,,,,,,,,,,
9.1839568,47.0109718,alpine_hut,Skihütte Mülibachtal,1763,,,,,,+41 79 291 23 49,,,,,,,"""Geöffnet nach telefonische Reservierung""",,,,,,,,,,,,,,,,,,,,,,
9.4617333,47.0062589,alpine_hut,Paradiel Mittelsäss,,,,,,,,,,,,,,,,,,,,,,,,,,,,,,,,,,,,
9.6652302,46.8544397,alpine_hut,Skihaus Hochwang,1958,,,,,,,,,,,,,,,,,,,,,,,,,,,,,,,,,,,
9.6831749,46.8604843,alpine_hut,Alpweg,,,,,,,,,,,,,,,,,,Alpweg,,,,,,,,,,,,,,,,,,
9.8139069,46.8808585,alpine_hut,Skihaus Schifer,1570.2,,,,,,,,,restaurant,,,,,,,,,,,,,,,,,,,,,,,,,,
9.5208613,46.9615594,alpine_hut,Naturfreunde Haus,,,,,,,,,,,,,,,,,,,,,,,,,,,,,,,,,,,,
9.5832053,47.0177953,alpine_hut,Mittelsäss,1773,,,,,,,,,,,,,,,,,,,,,,,,,,,,,,,,,,,
9.5523761,47.0246137,alpine_hut,Heidialp,,,http://www.heidialp-ochsenberg.ch,,,,+41792212930,,,restaurant,,,,,,,,,,,isolated_dwelling,,,,,,regional,,,,,,,,,
9.0811966,47.1690125,alpine_hut,Federihütte,1375,,http://federihuette.ch/,,,,,,,,,,,,,,,,,,,,,,,,,,,,,,,,,
9.1058501,47.2201601,alpine_hut,Tanzbodenhütte,,SAC Sektion Pfannenstiel,http://www.sac-pfannenstiel.ch/berghuette-tanzboden,,,,,,,,,Rieden,8739,,,Tanzboden,,,,1,,,,,,,,,,,,,,,,
9.2614107,47.1411648,alpine_hut,Alp Schrina,1285,,http://alp-schrina.ch,,,,+41 81 735 24 37,,,,,,,,,,,,,,,,,,,,,,,,,,,,,
9.2274559,47.1983112,alpine_hut,Ochsenlager,,,,,,,,,,,,,,,,,,,,,,,,,,,,,,,,,,,,
9.2974207,47.2611422,alpine_hut,Berggasthaus Chräzerli,,,http://www.chraezerli.ch/,,,,+41 71 364 11 24,,,,,,,,info@chraezerli.ch,,,,,,,,,,,,,,,,,,,,,
9.414399,47.109515,alpine_hut,Gipfelhütte Alvier,2343,,http://www.vs-wallis.ch/stgallen/huetverz/alvier.html,,,,,,,,,,,,,,,,,,,,,,,,,,,,,,,,,
9.4476517,47.1243233,alpine_hut,Schihus Wisliboda,,,,,,,,,,,,,,,,,,,,,,,,,,,,,,,,,,,,
9.4475301,47.1252284,alpine_hut,Alp Wisliboda,1337,,,,,,,,,,,,,,,,,,,,,,,,,,,,,,,,,,,
9.4392013,47.1269863,alpine_hut,Alp Arin,1518,,,,,,,,,,,,,,,,,,,,,,,,,,,,,,,,,,,
9.414385,47.2834049,alpine_hut,Berggasthaus Aescher-Wildkirchli,,,http://www.aescher-ai.ch,Q56239682,,,+41 71 799 11 42,,,restaurant,,,,closed,,,,,,,,,,,,,,,,,,,,,,
9.4476311,47.266992,alpine_hut,Tannhütte NFS,1231,,,,,,,,,,,,,,,,,,,,,,,,,,,,,,,,,,,
9.4848586,47.2758308,alpine_hut,Rohralpe,1200,,,,,,,,,restaurant,,,,,,,,,,,locality,,,,,,,,,,,,,,,
9.5131916,47.305714,alpine_hut,Inneralp,1209,,,,,,,,,,,,,,,,,,,,,,,,,,,,,,,,,,,
9.5022738,47.3117896,alpine_hut,Eichenwieser Schwamm,1168,,,,,,,,,,,,,,,,,,,,,,,,,,,,,,,,,,,
9.9250798,46.4152334,alpine_hut,Chamanna da Boval CAS,2495,SAC - CAS,,Q895339,,Bündner Alpen,,,http://www.sac-bernina.ch,,,,,,,,,Boval-Hütte,,,,,,,,,,,,,,,,,,
9.96505,46.4122405,alpine_hut,Berghaus Diavolezza,2976,,,,,,,,,,,,,,,,,,,,,,,,,,,,,,,,,,,
9.9557591,46.4871562,alpine_hut,Georgy's Hütte,3180,,,Q15221546,,,,,,,,,,,,,,,,,,,,,,,,,,,,,,,,
9.9028553,46.6114306,alpine_hut,Chamanna d'Es-cha,2594,SAC - CAS,https://www.sac-bernina.ch/,,,,,,,,,Zuoz,7524,,,,,,,,,,,,,,,,,,,,,,,
9.8751431,46.6451302,alpine_hut,Chamanna digl Kesch,2625,Ursina + Reto Barblan,http://www.kesch.ch,,,,+41 81 407 11 34,,,,no,,,,kesch@kesch.ch,,,Keschhütte SAC,,,,,,no,,,,,no,,,,,,,
10.0145065,46.6526087,alpine_hut,Alp Dros Bunom,,,,,,,,,,,,,,,,,,Alp Dros Bunom,,,,,,,,,,,,,,,,,,
9.9606012,46.7100833,alpine_hut,Grialetschhütte,2542,,https://www.grialetsch.ch/,Q1373212,de:Grialetschhütte,,+41 81 416 34 36,,,,,,,,,,,,,,,,,,,,,,,,,,,,,
10.0290048,46.5885059,alpine_hut,Alp Vaüglia,,,,,,,,,,,,,,,,,,Alp Vaüglia,,,,,,,,,,,,,,,,,,
10.1177302,46.6629057,alpine_hut,Chamanna Cluozza,1882,,,Q1060448,de:Chamanna Cluozza,,,,,,,,,,,,,,,,,,,,,,,,,,,,,,,
9.9829347,46.8141561,alpine_hut,Berghaus Vereina,1943,,https://berghausvereina.ch,,,,,,,,,,,,,,,,,,,,,,,,,,,,,,,,,
9.964737,46.86897,alpine_hut,Fergenhütte,2141,Schweizer Alpen-Club Sektion Prättigau,https://www.sac-praettigau.ch/,,,Bündner Alpen,+41 79 848 08 25,21,,,,,,24/7,,,Fergenhütte SAC,,,,,,,,,,,"Hütte ist nicht bewartet, verfügt aber über Kochgelegenheiten (Holz).",,,,,,,,yes
10.0094258,46.8739007,alpine_hut,Seetalhütte,2065,Schweizer Alpen-Club Sektion Prättigau,seetalhuette.ch,Q2265696,de:Seetalhütte,Bündner Alpen,+41 81 422 54 88,12,,toilets,,,,"Jun-Oct;""Die genaue Oeffnung am besten telefonisch überprüfen""",,,Seetalhütte SAC,,,,,,,,,,,"Hütte ist nicht bewartet, verfügt aber über Kochgelegenheiten (Gas und Holz).",,,,,,,,
10.0829135,46.7793865,alpine_hut,Chamanna dal Linard,2327,Club Alpin Svizzer - Secziun Engiadina Bassa,,,,Bündner Alpen,+41 79 629 61 91,46,http://www.linardhuette.ch/,,,,,"Jul-Sep Su[2] Mo-Su; Sep-Oct Su[3] Fr-Su;""Die genaue Oeffnung am besten auf der Website überprüfen""",,,Chamanna dal Linard CAS,,,,,,,,,,,,,,,,,,,yes
10.1006355,46.7813395,alpine_hut,Alp Lavinuoz Dadoura,,,,,,,,,,,,,,,,,,,,,,,,,,,,,,,,,,,,
10.0936893,46.793036,alpine_hut,Alp d'immez,1953,,,,,,,,,,,,,,,,,,,,,,,,,,,,,,,,,,,
10.0217709,46.822175,alpine_hut,Vernela-Hütte,,,,,,,,,,,,,,,,,,,,,,,,,,,,,,,,,,,,
10.155919,46.7886969,alpine_hut,Alp Sura,,,,,,,,,,,,,,,,,,,,,,,,,,,,,,,,,,,,
10.1726291,46.7921898,alpine_hut,Murtera Dadoura,2142,,,,,,,,,,,,,,,,,,,,,,,,,,,,,,,,,,,
10.1804121,46.7930243,alpine_hut,Murtera Dadaint,2149,,,,,,,,,,,,,,,,,,,,,,,,,,,,,,,,,,,
10.1755122,46.7968433,alpine_hut,Maranguns,2303,,,,,,,,,,,,,,,,,,,,,,,,,,,,,,,,,,,
10.1841707,46.7997788,alpine_hut,Chamanna Cler,2476,,http://www.ski-ardez.ch/seite_chamonna.htm,,,,,,,,,,,,,,,,,,,private,,,,+41 81 862 21 96,,,,,jon-fadri@bluewin.ch,,,,,
10.1324884,46.8307354,alpine_hut,Chamonna Tuoi,2250,Club Alpin Svizzer - Secziun Engiadina Bassa,https://www.tuoi.ch/,Q1060906,,Bündner Alpen,+41 81 862 23 22,74,,,,,,"Jun Sa[2]-Oct Su[-2]; Dec 26-Jan Su[1];""Die genaue Oeffnung am besten auf der Website überprüfen""",,,Chamonna Tuoi CAS,,,,,,,,,,,,,,,,,,,yes
10.0414541,46.8545438,alpine_hut,Silvrettahütte,2341,Schweizer Alpen-Club Sektion St. Gallen,https://www.silvrettahuette.ch,Q2286881,de:Silvrettahütte,Bündner Alpen,+41 81 422 13 06,57,,,,,,"Feb Sa[3]-Apr Su[4]; Jun Sa[3]-Oct Su[2];""Die genaue Oeffnung am besten auf der Website überprüfen""",,,Silvrettahütte SAC,,,,,,,,,,,,,,,,,,,yes
9.9109048,46.9512788,alpine_hut,Madrisahütte,1675,,,,,,,,,,,,,,,,,,,,,,,,,,,,,,,,,,,
10.203896,46.824407,alpine_hut,Alp Valmala,1980,,,,,,,,,restaurant,,,,,,,,,,,,,,,,,alpine_hut,,,,,,,,,
10.2449704,46.8143889,alpine_hut,Alp Clünas,2444,,,,,,,,,,,,,,,,,,,,,private,,,,,,,,,,,,,,
