X,Y,tourism,name,website,addr:street,addr:housenumber,addr:postcode,addr:city,phone,internet_access,operator,addr:country,email,amenity,contact:phone,rooms,contact:email,wheelchair,internet_access:fee,contact:website,smoking,opening_hours,guest_house,contact:addr,alt_name,beds,cuisine,description,contact:mobile,name:en,name:fr,addr:housename,contact:fax,designation,ele,name:de,outdoor_seating
6.1440809,46.1846369,guest_house,Carouge,,Rue de Veyrier,17,1227,,+41 78 749 33 30,,,,,,,,,,,,,,,,,,,,,,,,,,,,
6.1410972,46.1915266,guest_house,FANNY,,Quai Charles-Page,17,,Geneva,,,,CH,,,,,,,,,,,,,,,,,,,,,,,,,
6.1268781,46.2134655,guest_house,Lievin,,,,,,,,,,,,,,,,,,,,,,,,,,,,Lievin,,,,,,
6.1759241,46.3089083,guest_house,L’auberge Au Lion d’Or,http://www.au-liondor.ch/,,,,,+41 22 776 04 23,,,,info@au-liondor.ch,,,,,,,,,,,,,,,,,,,,,,,,
6.2425296,46.3015584,guest_house,Relais de la Baronne,,Chemin des Fossés,17,1248,Hermance,,,,,,,,,,,,,,,,,,,,,,,,,,,,,
6.9281985,45.9825341,guest_house,"Chalet 4 étoiles ""La Tête aux Vents""",http://www.chalet-argentiere.com,,,,,+33668020016,wlan,,,contact@charlet-argentiere.com,,,,,,,,,Mo-Su 08:00-22:00,,,,,,,,,,,,,,,
6.9276828,45.9949521,guest_house,Auberge La Boerne (gîte d'étape du GR du TMB),,,,,,,,,,,,,,,,,,,,,,,,,,,,,,,,,,
6.9254589,46.0289475,guest_house,The Guest House & Ski Lodge,https://www.guesthousechamonix.com/,"Chalet Chaudet, Le Morzay",,74660,Vallorcine,+33 4 50 54 16 11,,Helen Magnusson & Steve Dowse,,,,,,,,,,,,,,,,,,,,,,,,,,
6.568783,46.104347,guest_house,Hamac O Pic,,Bois Dessous,730,,,,,,,,,+33 4 50 54 20 06,,,,,http://www.hamacopic.com,,,,,,,,,,,,,,,,,
6.6789074,46.0895373,guest_house,Le Mont Buet - Bed & Breakfast,,,,,,,,,,,,,,,,,,,,,,,,,,,,,,,,,,
6.6555681,46.1518263,guest_house,Chalet Arnica,,Route des Granges,478,74260,Les Gets,+33 771031601,wlan,,,,,,,,,,,,,,,,,,,,,,,,,,,
6.3545628,46.2963633,guest_house,A l'ombre des kiwis,www.alombredeskiwis.com,,,,,+33 4 50 85 25 24,wlan,,,contact@alombredeskiwis.com,,,,,no,no,,,,,,,,,,,,,,,,,,
6.3559436,46.3490857,guest_house,Au Bonheur du Lac,http://www.aubonheurdulac.com,Route du Lac,910,74140,,+33676352553,,,,,,,,,,,,,,,,,,,,,,Au Bonheur du Lac,,,,,,
6.44176,46.3595256,guest_house,Podico,podico.com,Chemin du Foiset,3,74200,Anthy-sur-Léman,+33 4 50 26 04 36,wlan,Eric et Roslina,,,,,3,,,,,outside,,,,,,,,,,,,,,,,
6.441827,46.3595644,guest_house,Podico,podico.com,Chemin du Foiset,3,74200,Anthy-sur-Léman,+33 450260436,,Eric et Roslina,,,,,,,,,,outside,,,,,,,,,,,,,,,,
6.7383367,46.0895533,guest_house,Gite des Fontaines,gitedesfontaines.com,,,,,,,,,,,,,,,,,,,,,,,,,,,,,,,,,
6.7080163,46.1781158,guest_house,Le Mas de la Coutettaz,,Chemin de la Coutetaz,429,74110,Morzine,,,,,,,,,,,,,,,,,,,,,,,,Le Mas de la Coutettaz,,,,,
7.0219936,46.1233734,guest_house,,,,,,,,,,,,,,,,,,,,,,,,,,,,,,,,,,,
7.0218354,46.1265841,guest_house,BB Le Tchoum,,,,,,,,,,,,,,,,,,,,,,,,,,,,,,,,,,
6.9889043,46.2117421,guest_house,Claude,,,,,,,,,,,,,,,,,,,,,,,,,,,,,,,,,,
6.8324823,46.3455123,guest_house,Café restaurant du Grammont,,,,,,,,,,,,,,,,,,,,,,,,,,,,,,,,,,
6.9425961,46.2426005,guest_house,Alain,,,,,,,,,,,,,,,,,,,,,,,,,,,,,,,,,,
6.9598794,46.2413012,guest_house,Entre deux Nants,http://www.entredeuxnants.ch/,,,,,+41 24 471 48 76,,,,location.edn@gmail.com,,,,,,,,,,,,,,,,,,,,,,,,
6.9687001,46.3139029,guest_house,Yves & Josette Jaccard,,,,,,+41 24 466 7241,wlan,,,,,,,,no,no,,no,,,,,,,,,,,,,,,,
7.014663,46.2745764,guest_house,Le Mazot,http://www.lemazot-antagnes.ch,Chemin des Vignes,1,1867,Ollon,+41774134883,yes,Jean-Louis Ambresin,,,,,1,,,no,,outside,,,,,1 double,,,,,,,,,,,
6.8869553,46.3365721,guest_house,Bed & Breakfast chez Tutta,,,,,,+41 24 481 23 03,,,,,,,,,,,,,,bed_and_breakfast,,,,,,,,,,,,,,
7.0009089,46.3422246,guest_house,Le Bockli,,,,,,,,,,,,,,,,,,,,,,,,,,,,,,,,,,
7.0056697,46.3428027,guest_house,Les Airelles,,,,,,,,,,,,,,,,,,,,,,,,,,,,,,,,,,
7.0208568,46.3486722,guest_house,Chalet Ermina,,,,,,,,Ariane Giobellina,,,,,,,,,,,,,,,,,,,,,,,,,,
7.1073731,45.9555921,guest_house,Café Restaurant du Dolent,,,,,,+41277881176,,,,,restaurant,,,,,,,,,,,,,,,,,,,,,,,
7.1165356,46.03008,guest_house,,,,,,,,,,,,,,,,,,,,,,,,,,,,,,,,,,,
7.0991022,46.0355083,guest_house,Gite Bon Abri,,,,,,,,,,,,,,,,,,,,,,,,,,,,,,,,,,
7.1274539,45.9946127,guest_house,Croquenature,,,,,,,,,,,restaurant,,,,,,,,,,,,,,,,,,,,,,,
7.1622683,45.9911011,guest_house,Le Chapelet,,,,,,,,,,,restaurant,,,,no,,,,,,,,,,,,,,,,,1595,,
7.1837919,45.9872833,guest_house,Café de Dranse,,,,,,,,,,,restaurant,,,,,,,,,,,,,,,,,,,,,,,
7.4898417,46.053512,guest_house,Pension du Lac Bleu,,,,,,,,,,,restaurant,,,,,,,,,,,,,,,,,,,,,,,
7.0382021,46.1381727,guest_house,Hôtel de la Gare,,,,,,,,,,,,,,,,,,,,,,,,,,,,,,,,,,
7.1359336,46.1482359,guest_house,Café des Amis,http://www.cafedesamis-fully.ch/index.php/chambres-d-hotes,Route de Saillon,142,1926,Fully,+41 27 746 18 95,,,,,,,,,,,,,,,,,,,,,,,,,,,,
7.1786145,46.2029412,guest_house,Les 4 Saisons,,,,,,,,,,,,,,,,,,,,,,,,,,,,,,,,,,
7.1854779,46.2065903,guest_house,Le Temps de Vivre,,,,,,,,,,,restaurant,,,,,,,,,,,,,,,,,,,,,,,
7.2264916,46.0669155,guest_house,BB,,,,,,,,,,,,,,,,,,,,,,,,,,,,,,,,,,
7.2227871,46.0742755,guest_house,B&B Famille Maret,,Rue des Fontaines,32,,Montagnier,,,,CH,,,,,,,,,,,,,,,,,,,,,,,,,
7.2151545,46.0796124,guest_house,Una Lodge,,,,,,,,,,,,,,,,,,,,,,,,,,,,,,,,,,
7.0690886,46.2608258,guest_house,,,,,,,,,,,,,,,,,,,,,,,,,,,,,,,,,,,
7.1546518,46.3525378,guest_house,Châlet Alpin,,,,,,,,,,,,,,,,,,,,,,,,,,,,,,,,,,
7.5065658,46.093657,guest_house,La Grande Peur dans la Montagne,,,,,,,,,,,,,,,,,,,,bed_and_breakfast,,,,,,,,,,,,,,
7.510937,46.1064135,guest_house,Balcon du val d'Hérens,http://www.balcon-herens.ch,Route de Pranoé,40,1985,,+41 79 359 80 12,,,,,,,,,,,,,,,,,,,,,,Balcon du val d'Hérens,,,,,,
7.4991822,46.1108134,guest_house,Ferme de Clos-Lombard - Gîte et BnB,https://www.giteruralevolene.ch/,Rue Centrale,111,1983,Evolène,,wlan,Catherine et Marius Pannatier,,,,,,,yes,,,,,,,,,,,,,,,,,,,
7.4952992,46.1152573,guest_house,Chalet Les Criquets,,,,,,,,,,,,,,,,,,,,,,,,,,,,,,,,,,
7.3899929,46.1625029,guest_house,La Clé des Champs - Studio,http://www.lacledeschamps.ch,Rue du Vieux-Village 2,,1987,,,,,,,,,,,,,,,,,,,,,,,,La Clé des Champs - Studio,,,,,,
7.4028015,46.2080811,guest_house,Chalet le Rucher,http://chaletlerucher.ch,Route de Courtille,73,1981,,+41 (0)79 858 97 10,,,,info@chaletlerucher.ch,,,,,,,,,,,,,,,,,,,,,,,,
7.6300404,46.1297496,guest_house,Auberge Alpina,,,,,,,,,,,restaurant,,,,,,,,,,,,,,,,,,,,,,,
7.6263311,46.1328528,guest_house,Auberge La Navizence,,,,,,,,,,,,,,,,,,,,,,,,,,,,,,,,,,
7.6259199,46.1331924,guest_house,Auberge Les Bondes,,,,,,,,,,,,,,,,,,,,,,,,,,,,,,,,,,
7.6264054,46.1380453,guest_house,Auberge de Jeunesse Les Liddes,,,,,,,,,,,,,,,,,,,,,,,,,,,,,,,,,,
7.596304,46.2213459,guest_house,Guesthouse Hôtel Le Cervin,http://www.hotelducervin.ch,Rue du Cervin,1,,,+41 27 475 16 68,,,,,,,,,,,,,,,,,,,,,,,,,,1655,,
7.4739296,46.2884875,guest_house,Aux Bons Matins de Capella,,,,,,,,,,,,,,,,,,,,,,,,,,,,,,,,,,
7.6066936,46.3187002,guest_house,BnB zum Schleif,,,,,,,,,,,,,,,,,,,,,,,,,,,,,,,,,,
7.6265721,46.3764294,guest_house,Haus Bergtreu,,,,,,,,,,,,,,,,,,,,,,,,,,,,,,,,,,
7.625974,46.3770975,guest_house,Haus Flora,,,,,,,,,,,,,,,,,,,,,,,,,,,,,,,,,,
7.6260596,46.3773749,guest_house,Haus Matterhof,,,,,,,,,,,,,,,,,,,,,,,,,,,,,,,,,,
7.6312702,46.3773693,guest_house,Haus Mosaik,,,,,,,,,,,,,,,,,,,,,,,,,,,,,,,,,,
7.6315949,46.377049,guest_house,Haus Larchenwald,,,,,,,,,,,,,,,,,,,,,,,,,,,,,,,,,,
7.6307891,46.3775618,guest_house,Haus Adora,,,,,,,,,,,,,,,,,,,,,,,,,,,,,,,,,,
7.6310881,46.3775848,guest_house,Haus l Archmatten,,,,,,,,,,,,,,,,,,,,,,,,,,,,,,,,,,
7.6271161,46.3818385,guest_house,Haus Majing,,,,,,,,,,,,,,,,,,,,,,,,,,,,,,,,,,
7.626746,46.3820579,guest_house,Chalet Kakadu,,,,,,,,,,,,,,,,,,,,,,,,,,,,,,,,,,
7.6255717,46.3832454,guest_house,Haus Saskia,,,,,,,,,,,,,,,,,,,,,,,,,,,,,,,,,,
7.6252437,46.3832862,guest_house,Haus Alpen,http://www.ferienwohnung-alpen.ch/,,,,,,,,,,,,,,,,,,,,,,,,,,,,,,,,,
7.6259836,46.3831005,guest_house,Haus Vera,,,,,,,,,,,,,,,,,,,,,,,,,,,,,,,,,,
7.7226334,46.326615,guest_house,,,,,,,,,,,,,,,,,,,,,,,,,,,,,,,,,,,
7.9004082,46.2574894,guest_house,Haus Tärbinu,,,,,,,,,,,,,,,no,,,,,,,,,,,,,,,,,,,
7.7738436,46.3990167,guest_house,Ferienheim Kriens,,Kirchweg,13,3917,,,,,,,,,,,,,,,,,,,,,,,,,,,,,,
7.9886058,46.3146001,guest_house,Matza,,,,,,,,,,,,,,,,,,,,,,,,,,,,,,,,,,
8.1345719,46.403107,guest_house,Baumhaus bed&breakfast Fiesch,https://www.baumhausfiesch.ch/,,,,,,,,,,,,,,,,,,,,,,,,,,,,,,,,,
8.1369225,46.4020376,guest_house,Haus de Vios,http://www.devios.ch/,,,,,+41 27 971 15 17,,Maria + Peter Heinzer-Burri,,maria.heinzer@bluewin.ch,,,,,,,,,,,,,,,,,,,,,,,,
8.1373821,46.4026469,guest_house,Haus Boniface,http://www.boniface.ch,,,,,+41 27 971 15 39,no,,,info@boniface.ch,,,,,yes,,,no,,,,,,,,,,,,,,,,
6.1599816,46.4092572,guest_house,,,Route de la Florettaz,41,1275,,,,,,,,,,,,,,,,,,,,,,,,,,,,,,
6.2355434,46.4246667,guest_house,Auberge de la Réunion,https://www.auberge-coinsins.ch/,,,1267,Coinsin/VD,+41 22 364 23 01,,,,,,,,,yes,,,,,,,,,,,,,,,,,,,
6.2052048,46.4622498,guest_house,La Clemonie,,,,,,,,,,,,,,,,,,,,,,,,,,,,,,,Bed and Breakfast,,,
6.4997142,46.5126483,guest_house,Morges-Guesthouse,,Avenue des Pâquis,16,1110,Morges,+41768031286,wlan,,CH,,,,,,,no,,,,,,,,,,,,,,,,,,
6.6045966,46.533251,guest_house,,,,,,,,,,,,,,,,,,,,,,,,,,,,,,,,,,,
6.4497765,46.7018727,guest_house,,,,,,,,,,,,,,,,,,,,,,,,,,,,,,,,,,,
6.4602928,46.693202,guest_house,Maison Junod,https://maisonjunod.ch/,,,,,,,,,,,,,,,,,,,,,,,,,,,,,,,,,
6.4655576,46.6927781,guest_house,Domaine de Praël,,,,,,,,,,,,,,,,,,,,,,,,,,,,,,,,,,
6.471025,46.6929357,guest_house,La Butineuse,,,,,,,,,,,,,,,,,,,,,,,,,,,,,,,,,,
6.7188485,46.4904564,guest_house,Petit Paradis,,Chemin de la Charrerette,2,1091,Bourg-en-Lavaux,+41792125518,yes,,,27schafer@gmail.com,,,2,,,,,,,,,,,,,,,,,,,,,
6.7369084,46.4898395,guest_house,Famille Longet-Voruz,,Route de Vevey,49,1096,Cully,,yes,,,,,+41 796 45 40 66,,longetvoruz@cavedemoratel.ch,,,http://www.cavedemoratel.ch/,,,,,,,,,,,,,,,,,
6.842977,46.4592372,guest_house,Le Charlot,http://www.lecharlot.com,Place du marché,3,,,+41 (0) 78 796 28 58,,,,,,,,,,,,,,,,,,,,,,,,,,,,
6.9110472,46.4317291,guest_house,Lake View Apartments,,Rue de la Paix,5,1820,Montreux,,,,,,,,,,,,,,,,,,,,,,,,,,,,,
6.7854184,46.6460755,guest_house,Les Neues,,,,,,,,,,,,,,,,,,,,,,,,,,,,,,,,,,
6.7854184,46.6460755,guest_house,Les Brits,,,,,,,,,,,,,,,,,,,,,,,,,Übernachtungsmöglichkeit für Pilger (B&B),,,,,,,,,
6.6883283,46.7093001,guest_house,Educanes,http://www.educanes.ch,Route de Pailly,,1047,Oppens,,,,,,,,,,,,,outside,,,,,,,,,,,,,,,,
6.5339001,46.8276012,guest_house,bnblesrasses.ch,,,,,,,,,,,,,,,,,,,,,,,,,,,,,,,,,,
6.7833519,46.8170213,guest_house,B&B Kim Play,,,,,,,,,,,,,,,,,,,,,,,,,,,,,,,,,,
6.9346785,46.8225895,guest_house,,,,,,,,,,,,,,,,,,,,,,,,,,,,,,,,,,,
6.9616093,46.8317361,guest_house,,,,,,,,,,,,,,,,,,,,,,,,,,,,,,,,,,,
6.9933485,46.8159741,guest_house,Bed & Breakfast,,,,,,,,,,,,,,,,,,,,,,,,,,,,,,,,,,
6.7158034,46.9364733,guest_house,Le Soliat,https://www.lesoliat.ch/,,,,,+41 32 863 31 36,,,,,,,,,,,,,,,,,,,,,,,,,,,,
6.7250705,46.9980254,guest_house,BnB Les Prises,http://www.lesprises.ch,Les Prises,12,2316,Les Ponts-de-Martel,+41 32 926 98 55,wlan,Eveline & Claude-Eric Robert,FR,cerobert@bluewin.ch,,,4,,limited,no,,no,,,,,8,,,,,,,,,,,
6.7351026,46.999054,guest_house,Chambres d'Hôtes,,,,,,,,,,,,,,,,,,,,,,,,,,,,,,,,,,
6.7351955,46.9990761,guest_house,Buffet de la Gare,,,,,,,,,,,pub,,,,,,,,,,,,,,,,,,,,,,,
6.7754325,47.0466727,guest_house,Relais de la Baume,http://www.relaisdelabaume.ch/,,,,,,,,,,,,,,,,,,,,,,,,,,,,,,,,,
6.9308421,46.9948726,guest_house,Louis-Favre 21,,,,,,,,,,,,,8,,,,,,,,,,,,,,,,,,,,,
7.0260232,47.0164854,guest_house,Montmirail,,,,2075,Thielle-Wavre,,,,,,,,,,,,,,,,,,,,,,,,,,,,,
6.9066926,47.1558784,guest_house,,,,,,,,,,,,,,,,,,,,,,,,,,,,,,,,,,,
6.907895,47.1557526,guest_house,,,,,,,,,,,,,,,,,,,,,,,,,,,,,,,,,,,
7.0138442,47.1351635,guest_house,Naturfreundehaus La Châtelaine,,,,,,,,,,,,,,,,,,,,,,,,,,,,,,,,,,
6.9637859,47.1541379,guest_house,Auberge L'Assesseur,https://www.montsoleil.ch/,,,,,,,,,,,,,,,,,,,,,,,,,,,,,,,,,
6.9628926,47.1828211,guest_house,Chez Tante Eva,https://www.hotelbeausejour.ch/,,,,,+41 32 954 12 42,,,,info@hotelbeausejour.ch,,,8,,,,,,,,,,,,,,,,,,,,,
6.9971862,47.1533306,guest_house,Sous le Tilleul,https://sous-le-tilleul.wixsite.com/,,,,,,wlan,,,,,,1,,,no,,,,,,,,,,,,,,,,,,
7.0215722,47.1570376,guest_house,Le Cocon,https://lecocon.ch/,,,,,+41 32 941 61 63,,,,,,,,,,,,,,,,,,,,,,,,,,,,
7.0376768,46.4893283,guest_house,,http://www.combazdamont.ch/home/Bienvenue.html,,,,,,wlan,,,,,,,,,,,,,,,,,,,,B&B La Combaz d'Amont,,,,,,,
7.081447,46.4675338,guest_house,,,,,,,,,,,,,,,,,,,,,,,,,,,,,,,,,,,
7.0823483,46.466974,guest_house,Chalet de la Place,,,,,,,,,,,,,,,,,,,,,,,,,,,,,,,,,,
7.0865647,46.4702421,guest_house,,,,,,,,,,,,,,,,,,,,,,,,,,,,,,,,,,,
7.0351072,46.4972364,guest_house,Pinte des Lys,,,,,,,,,,,,,8,,no,,,,,,,,18,,,,,,,,,,,
7.0614087,46.5047379,guest_house,Bon-jour,http://www.bon-jour.ch,,,,,,,,,,,,,,,,,,,,,,,,,,Bon-jour,Bon-jour,,,,,Bon-jour,
7.3217248,46.4248848,guest_house,Panorama Bed and Breakfast,,,,,,,,,,,,,,,,,,,,,,,,,,,,,,,,,,
7.1422316,46.7267509,guest_house,,,,,,,,,,,,,,,,,,,,,,,,,,,,,,,,B&B Quartenoud,,,
7.3735059,46.6242171,guest_house,Chalet Betula,,Sack,390 b,3766,,,,,,jcottonenz@googlemail.com,,,,,,,,,,,,,,,,,Chalet Betula,Chalet Betula,,,,,Chalet Betula,
7.3849624,46.5196963,guest_house,Hof Semiramis,,,,,,,,,,,,,,,,,,,,,,,,,,,,,,,,,,
7.5586939,46.4903211,guest_house,Bed & Breakfast,,Alpenweg,6,3715,Adelboden,,wlan,,CH,,,+41 33 673 34 83,,info@hausalpengruss.ch,,no,https://www.hausalpengruss.ch,,,,,,,,,+41 79 422 85 33,,,Alpengruss,,,,,
7.6648071,46.4788389,guest_house,Gemmi-Lodge Backpackers,,,,,,,,,,,,,,,,,,,,,,,,,,,,,,,,,,
7.5701531,46.5018558,guest_house,Alive (Zueflucht),http://zueflucht.com,Blumenweg,3,,,,wlan,,,,,,,,,no,,,,,,,,,,,,,,,,,,
7.5746185,46.5057733,guest_house,Cantate,,,,,,,,,,,,,,,,,,,,,,,,,,,,,,,,,,
7.3844638,46.6136498,guest_house,,,,,,,,,,,,,,,,,,,,,,,,,,,,,,,,,,,
7.437823,46.6924667,guest_house,Mittliste Morgete,,,,,,,,,,,,,,,,,,,,,,,,,,,,,,,,,,
7.5605432,46.7182218,guest_house,Zur Kraftquelle,,,,,,,,,,,,,,,,,,,,,,,,,,,,,,,,,,
7.5932495,46.7419898,guest_house,,,,,,,,,,,,,,,,,,,,,,,,,,,,,,,,,,,
7.5965399,46.7413925,guest_house,,,,,,,,,,,,,,,,,,,,,,,,,,,,,,,,,,,
7.6187335,46.7259194,guest_house,HomeBase youth feggwatt,https://feggwatt.ch/,,,3645,,+41 79 665 80 83,,,,youth@feggwatt.ch,,,,,,,,,"We 12:00-21:30; Fr 18:00-23:00",,,,,,,,,,,,,,HomeBase youth feggwatt,
7.6906086,46.6850308,guest_house,Gästehaus ABZ Seeblick,,,,3700,,,,,,,,,,,,,,,,,,,,,,,,,,,,,,
7.1157361,46.9250232,guest_house,Perron 13,https://www.perron13.ch/,,,,,+41 (0)26 670 02 02,wired,,,info@perron13.ch,,,,,yes,,,,,,,,,,,,,,,,,,,
7.1737314,46.8531541,guest_house,Schloss Ottisberg Bed & Breakfast,,,,,,,,,,,,,,,,,,,,,,,,,,,,,,,,,,
7.2622371,46.8211117,guest_house,Übernachtung im Kornspeicher,https://schwallers.ch/schlafen/,Cheerstrasse,3,1713,St. Antoni,,,Schwaller's Sensler Bauernladen,CH,,,+41 26 4951115,2,a.schwaller@sensemail.ch,,,,,,,,,14,,,,,,,+41 26 4953115,,,,
7.2960377,46.7844733,guest_house,B&B Ulrich-Wenger,,,,,,,,,,,,,,,,,,,,,,,,,,,,,,,,,,
7.3024471,46.8251747,guest_house,Pilgerhaus,,,,,,,,,,,,,,,,,,,,,,,,,,,,,,,,,,
7.2059007,46.9979171,guest_house,Happy Guesthouse,https://www.happyguesthouse.ch/,Kläyweg,9,3284,Fräschels,+41 31 755 54 24,,,,therese.christen57@gmail.com,,,,,,,,,,,,,,,,,,,,,,,,
7.1702731,47.0106351,guest_house,,,,,,,,,,,,,,,,,,,,,,,,,,,,,,,,,,,
7.1503641,47.0467061,guest_house,Restaurant Surf,,,,,,,,,,,restaurant,,,,,,,,,,,,,,,,,,,,,,,
7.2062266,47.090738,guest_house,"Bed and Breakfast, Maison White",,Greussweg,7,2572,Mörigen,,,,,,,,,,,,,,,,,,,,,,,,,,,,,
7.2675445,47.0422175,guest_house,,,,,,,,,,,,,,,,,,,,,,,,,,,,,,,,,,,
7.3763048,47.0372147,guest_house,Rohrer,,,,,,,,,,,,,,,,,,,,,,,,,,,,,,,,,,
7.507651,46.7699819,guest_house,B&B Liechti Blumen,http://www.liechti-blumen.ch/BB.htm,,,,,+41 33 356 12 34,yes,,,,,,,,,,,,,,,,,,,,,,,,,,,
7.4333564,46.9086954,guest_house,,,,,,,,,,,,,,,,,,,,,,,,,,,,,,,,,,,
7.4517177,46.932005,guest_house,Marlis & Ueli Salzmann,,Gossetstrasse,31,3084,Köniz,,yes,,CH,,,+41 31 9617738,,,,,http://www.bnb.ch/index.php?p=page&id=1866,,,,,,,,,,,,,,,,,
7.5837525,46.7729014,guest_house,Quellenhof Uetendorf,http://quellenhof-uetendorf.ch/,,,,,,wlan,,,,,,3,,limited,,,outside,,,,,16,,,,,,,,,,,
7.6078511,46.7822508,guest_house,Phetrophat Jui's Swiss Trips & Homestay,http://www.juis-swisstrips.ch/,Blümlisalpstrasse,35,3627,Heimberg,,,,CH,,,,,,,,,,,,,,,,,,,,,,,,,
7.4256356,46.9557999,guest_house,Casita,https://www.casita-bern.ch/,,,,,,,Hélène + Daniel Lüthi,,,,,,contact@casita-bern.ch,,,,,,,"Schwalbenweg 6a, 3012 Bern",,,,,+41 79 2606612,,,,,,,,
7.4336553,46.9376661,guest_house,B&B Fleury's,http://www.fleurys.ch,,,,,,,,,,,+41 31 3720160,,jdf@bluewin.ch,,,,,,,"Dapplesweg 15, 3007 Bern",Bed & Breakfast Fleury's,,,,,,,,,,,,
7.4331167,46.9389327,guest_house,B&B Wildrose,http://www.bnb-wildrose.ch/,,,,,,,Sonya & Stefan Räber,,,,+41 31 3314472,,bern@bnb-wildrose.ch,,,,,,,"Mayweg 7, 3007 Bern",Bed & Breakfast Wildrose,,,,,,,,,,,,
7.4481202,46.9410964,guest_house,B&B Kirchenfeld,http://www.bb-kirchenfeld.ch,,,,,,,,,,,+41 31 3527519,,andi@bb-kirchenfeld.ch,,,,,,,"Aegertenstrasse 11, 3005 Bern",Bed & Breakfast Kirchenfeld,,,,,,,,,,,,
7.4312831,46.948964,guest_house,BnB Georg & Barbara Gisin-Gerber,http://www.bnb.ch/index.php?p=page&id=1992,Stadtbachstrasse,56,3012,Bern,,yes,,CH,,,+41 61 4112320,,,,,http://www.bnb.ch/index.php?p=page&id=1992,,,,,,,,,,,,,,,,,
7.4349687,46.9446573,guest_house,Villa Maria,https://www.villamaria-bern.ch,,,,,,,,,,,+41 31 3813342,,info@villamaria-bern.ch,,,https://www.villamaria-bern.ch/wp/de/kontakt/,,"Mo-Fr 08:00-11:30,14:00-17:30; Sa 08:30-11:30",,"Kapellenstrasse 9, 3011 Bern",,,,,,,,,+41 31 3813338,,,,
7.4341111,46.9491536,guest_house,am Pavillon,https://www.ampavillon.ch/,Pavillonweg,1a,3012,Bern,,wlan,,CH,,,+41 31 3010947,,mail@ampavillon.ch,,,http://www.ampavillon.ch/kontakt/,,,,,am Pavillon bed and breakfast,,,,,,,,,,,,
7.4271239,46.9537182,guest_house,seTU,http://www.setu.ch,,,,,,,Simone Wiedmer & Therese Wittwer,,,,+41 79 7738313,,info@setu.ch,,,,,,,"Freiestrasse 37, 3012 Bern",,,,,,,,,,,,,
7.4526805,46.9419643,guest_house,artistshousebern,http://www.artistshousebern.ch,,,,,,,Cilgia Rageth,,,,+41 31 3524086,,cilgiarageth@gmail.com,,,http://wohnung.cilgiaragethkunst.ch,,,,"Luisenstrasse 20, 3005 Bern",Artists house Bern,,,,,,,,,,,,
7.454918,46.942574,guest_house,B&B Ingrid Matter,,,,,,,,,,,,+41 31 3515232,,,,,,,,,"Dufourstrasse 9, 3005 Bern",Bed and Breakfast Ingrid Matter,,,,,,,,,,,,
7.4560983,46.9422971,guest_house,Beauvilla,https://www.apartment-beauvilla-bern.com,,,,,,,Gabriela & Marc Capeder Weber,,,,+41 31 3524706,,info@beauvilla-bern.com,,,http://www.beauvilla-bern.com/?page_id=21,,,,"Jungfraustrasse 28, 3005 Bern",,,,,+41 79 2218080,,,,+41 31 3524706,,,,
7.4572341,46.9421657,guest_house,Glandon Florhaus,https://www.glandon-apartments.ch/bern/florhaus,,,,,,,Glandon Apartments AG,,,,+41 31 3335050,,,,,,,,,"Florhaus, Alpenstrasse 23, 3006 Bern",,,,,,,,,,,,,
7.4578706,46.9423415,guest_house,Maison Mosgenstein,http://www.mosgenstein.ch,,,,,,,Christof Kunz & Stefan Gelzer,,,,+41 31 3515927,,mosgenstein@bluewin.ch,,,http://www.mosgenstein.ch/de/kontakt.html,,,,"Habsburgstrasse 23, 3006 Bern",,,,,+41 79 3295538,,,,,,,,
7.4546809,46.9481769,guest_house,B&B GG27,,,,,,,,,,,,+41 79 6186337,,,,,http://www.tripadvisor.com.ph/Hotel_Review-g188052-d2284986-Reviews-Gg27_Bed_Breakfast-Bern_Bern_Mittelland_District_Canton_of_Bern.html,,,,"Gerechtigkeitsgasse 27, 3011 Bern",,,,"Not sure if still exists. Contacted Nov2015, no reply.",,,,,,,,,
7.4628555,46.9470263,guest_house,B&K am Tavelweg,http://www.tavelweg.ch,,,,,,,Evelyn Hebeisen,,,,,,info@tavelweg.ch,,,,,,,"Tavelweg 30, 3006 Bern",Bed & Kitchen am Tavelweg,,,,+41 79 5962029,,,,,,,,
7.4682373,46.9449075,guest_house,Romy's Bed and Breakfast,http://www.bnb-bern.ch,Bürglenstrasse,21,3006,Bern,,,,CH,,,+41 31 3522401,,romy.pfirter@hispeed.ch,,,http://www.bnb-bern.ch,,,,,,,,,,,,,,,,,
7.4579577,46.9609615,guest_house,B&B An Wiesenstrasse,,Wiesenstrasse,34,3014,Bern,,wired,Kathrin Bohren,CH,,,+41 31 3315071,,k.bohren@bluewin.ch,,,http://www.bern.com/de/unterkuenfte/bedandbreakfast/bedandbreakfast-stadt/Bohren_Kathrin,,,,,,,,,+41 79 8206247,,,,,,,,
7.4514654,46.9717612,guest_house,Alice Friedli,,Unterer Aareggweg,23,3004,Bern,,yes,,CH,,,+41 78 8040197,,,,,http://www.bnb.ch/index.php?p=page&id=2015,,,,,,,,,,,,,,,,,
7.4579033,46.9798774,guest_house,Tiefenau,https://www.gasthof-tiefenau.ch/,Alte Tiefenaustrasse,4,3048,Ittigen,,,,CH,,restaurant,+41 31 9214700,,info@gasthof-tiefenau.ch,limited,,,,"Mo-Fr 08:00-23:00; Sa 17:00-23:00",,,Gasthof Tiefenau,,,,,,,,+41 31 9220733,,,,
7.4719689,46.9400705,guest_house,Max Aviation Apartments: Villa,http://maxav.immobilien/villa/,Alleeweg,15,3006,Bern,+41 31 9013228,,Max Aviation Apartments,CH,service@maxav.immobilien,,,4,,,,,,,,,,,,,,,,,,,,,
7.4719722,46.942916,guest_house,B&B Casa Silvana,http://www.casasilvana.ch,Buchserstrasse,18,3006,Bern,,wlan,,CH,,,+41 31 3514365,,silvana-egli@hotmail.com,,,,,,,,Bed & Breakfast Casa Silvana,,,,,,,,,,,,
7.477648,46.9498391,guest_house,B&B Im Klee,http://www.imklee.ch,Melchenbühlweg,8,3006,Bern,,,Beherberger Bern GmbH,CH,,,+41 31 9313535,,schlafen@imklee.ch,,,,,,,,Bed & Breakfast Im Klee,,,,,,,,,,,,
7.4946497,46.9545731,guest_house,amarletto b&b,,,,,,,,,,,,+41 76 546 41 32,,info@amarletto.ch,,,http://www.bedandbreakfast-bern.ch,,,,,,,,,,,,,,,,,
7.4983819,46.9695453,guest_house,CHALET BOLLIGEN,,Höheweg,12,,,,yes,,,,,+41 31 918 42 30,,BnB@chalet-bolligen.ch,,no,http://www.chalet-bolligen.ch,,,bed_and_breakfast,,,,,,,,,,+41 31 918 42 29,,,,
7.4768853,46.9794332,guest_house,Verena Steiner,,,,,,,wlan,,,,,+41 31 921 37 71,,,,,http://www.bern.com/de/alloggi/bedandbreakfast/bedandbreakfast-stadt/bb-seteinerverena,,,,,,,,,,,,,,,,,
7.5253698,47.084824,guest_house,Restaurant Löwen,,,,,,,,,,,,,,,,,,,,,,,,,,,,,,,,,,
7.5264659,47.085464,guest_house,Brunnen,,,,,,,,,,,,,,,,,,,,,,,,,,,,,,,,,,
7.618021,47.0027489,guest_house,,,,,,,,,,,,,,,,,,,,,,,,,,,,,,,,,,,
7.6375869,47.0248536,guest_house,"Land-Café, Café und Minihotel (Bed&Breakfast)",https://www.landcafe.ch/,Tschamerie,34,,,+41 34 461 81 81,,,,,cafe,,,,,,,,,,,,,,,,,,,,,,,
7.6197345,47.0632068,guest_house,Das Gelbe vom Ey,http://www.dasgelbevomey.ch/,,,,,,,,,,,,,,,,,,,bed_and_breakfast,,,,,,,,,,,,,,
7.8166839,46.4194816,guest_house,Breithorn,,,,,,,,,,,restaurant,+41 279391466,,,,,,,,,,,,,,,,,,,,,,
7.7859092,46.6517469,guest_house,Finel,http://www.finel.ch,,,,,,,,,,,,,,,,,,,,,,,,,,,,,,,,,
7.9075023,46.5953885,guest_house,Crystal,https://www.hoteloberland.ch/wohnungen/crystal/,,,,,+41338551241,,Ursula and Mark Nolan,,info@hoteloberland.ch,,,,,,,,,,,,,,,,,,,,,,,,
7.8514061,46.678843,guest_house,Hotel Rugenpark B&B,http://www.rugenpark.ch,Rugenparkstrasse,19,3800,Interlaken,+41338223661,wlan,,CH,info@rugenpark.ch,,,,,,no,,,,,,,,,,,,,,,,,,
7.8470545,46.683477,guest_house,Sunny Days,,,,,,,,,,,,,,,,,,,,,,,,,,,,,,,,,,
7.8522095,46.6826908,guest_house,Bahnhof platz apartment 2,,Bahnhof platz,47,3800,Interlaken,,,,,,,,,,,,,,,,,,,,,,,,,,,,,
7.853025,46.6817315,guest_house,Katy's Lodge,,Bernastrasse,7,3800,Interlaken,,,,,,,,,,,,,,,,,,,,,,,,,,,,,
7.8571811,46.6840986,guest_house,Swiss Apartment,,Centralstrasse,29,3800,Interlaken,,,,,,,,,,,,,,,,,,,,,,,,,,,,,
8.016625,46.618411,guest_house,,,,,,,,,,,,,,,,,,,,,,,,,,,,,,,,,,,
8.0379489,46.6228343,guest_house,Lehmann's Herberge,,,,,,,,,,,,,,,,,,,,bed_and_breakfast,,,,,,,,,,,,,,
8.0609107,46.7384135,guest_house,Schlafen im Stroh,,,,,,,,,,,,,,,,,,,,,,,,,,,,Aventure dans la paille,,,,,Schlafen im Stroh,
8.0483195,46.7530337,guest_house,Pension Flühmann,http://www.fluehmanns.ch,,,,,+41 (0)33 951 26 01,,,,fluehmann.pension@bluewin.ch,,,,,no,,,yes,,,,,,,,,,,,,,,,
8.0534807,46.7573423,guest_house,Ferienwohnung,https://abnb.me/EVmg/JmeyO9gCCI,,,3855,,,wlan,Martina&Daniel,,,,,,,,,,,,,,,,,,,Holiday Appartement,,,,,,,
8.1550473,46.4086329,guest_house,B&B Hängebrigga,http://bbhaengebrigga.ernen.ch/,Lengbodenstrasse,20,3995,Mühlebach,,,,,,,,,,,,,,,,,,,,,,,,,,,,,
8.1568994,46.4078247,guest_house,Chalet Heidenhaus,,Milebach,23,3995,Mühlebach,,,,,,,,,,,,,,,,,,,,,,,,,,,,,
8.2301183,46.465723,guest_house,Walliser Sonne,,,,,,,,,,,,,,,,,,,,,,,,,,,,,,,,,,
7.7993042,46.8800099,guest_house,Berghaus Eggiwil,https://www.berghaus-eggiwil.ch/,Berg,712,3537,Eggiwil,,wlan,,,,,,,,,no,,,,,,,,,,,,,,,,,,
7.7645176,46.9089159,guest_house,Rüttimatt,,,,,,,,,,,,,,,,,,,,,,,,,,,,,,,,,,
7.9098151,46.8713987,guest_house,B&B Rothus,,,,,,,,,,,,,,,,,,,,,,,,,,,,,,,,,,
7.7787902,46.9434628,guest_house,Emme Lodge,,,,,,,,,,,,,,,,,,,,,,,,,,,,,,,Hostel,,,
7.8918223,47.0302928,guest_house,Naturfreundehaus Aemmital,,,,,,,,,,,,,,,,,,,,,,,,,,,,,,,,,,
7.9127794,46.95142,guest_house,,http://www.alp-oberaltoesch.ch/de/home/,"Alpwirtschaft Ober Altösch
Irène Leuenberger
Ober Altösch 27
3556 Trub",,,,,,,,,,,,,,,,,,,,,,,,,,,,,,,,
7.9932108,47.0959894,guest_house,Wellsberg,http://www.wellsberg.ch/,,,,,,,,,,,,,,,,,,,,,,,,,,,,,,,,,
8.0988339,46.7876119,guest_house,Bärghuis Schönbüel,https://www.berghaus-schoenbueel.ch/,,,,,,,,,,,,,,,,,,,,,,,,,,,,,,,,,
8.2576688,47.0873489,guest_house,Bauernhaus Panoramablick,https://bauernhaus-panoramablick.ch/,Huoben,2,6023,Rothenburg,+41 41 2810880,,,,,,,,,yes,,,,,,,,,,,,,,,,,,,
8.4075457,46.9637037,guest_house,Schlafen im Stroh,,,,,,,,,,,,,,,,,,,,,,,,,,,,,,,,,,
8.3048781,47.041419,guest_house,,,,,,,,,,,,,,,,,,,,,,,,,,,,Airbnb,,,,,,,
8.2789338,47.0682721,guest_house,anstatthotel.ch,,,,,,,,,,,,,,,,,,,,,,,,,,,,,,,,,,
8.3801065,47.0554449,guest_house,,,,,,,,,,,,,,,,,,,,,,,,,,,,,,,,,,,
8.3965699,47.0574989,guest_house,,,,,,,,,,,,,,,,,,,,,,,,,,,,,,,,,,,
7.1737858,47.1496657,guest_house,Naturfreundehaus,,,,,,,,,,,,,,,,,,,,,,,,,,,,,,,,,,
7.0549874,47.2841514,guest_house,,,,44,,,,,,,,,,,,,,,,,,,,,,,,,,,,,,,
7.2465748,47.1417586,guest_house,Pension Ring 16,,Ring,16,,,+41 32 322 81 08,,,,restoring16@hotmail.com,,,4,,,,,,,,,,,,,,,,,,,,,
7.3684705,47.1421207,guest_house,Zumbach,,,,,,,,,,,,,,,,,,,,,,,,,,,,,,,,,,
7.3728643,47.1363822,guest_house,Grundisch Barbara,,,,,,,,,,,,,,,,,,,,,,,,,,,,,,,,,,
7.4487197,47.1778477,guest_house,Gheimtipp,,Alte Bahnhofstrasse,28,,,,,,,,restaurant,+41 32 530 47 14,,info@gheimtipp.ch,,,http://www.gheimtipp.ch,,,,,,,,,,,,,,,,,
7.4964254,47.1859708,guest_house,Kulturhof Weyeneth,http://kulturhof-weyeneth.ch,Dorfstrasse,40,4574,Nennigkofen,+41 32 622 21 60,,,,,,,,info@kulturhof-weyeneth.ch,,,,,,,,,,,,,,,,,,,,
7.4965613,47.1878545,guest_house,B&B Jurablick,,,,,,+41 79 783 11 25,,,,,,,,,,,,,,,,,,,,,,,,,,,,
7.5314269,47.1716988,guest_house,Chez Sven Bed and Breakfast,,,,,,,,,,,,,,info@chez-sven.ch,,,https://www.chez-sven.ch,,,,,,,,,,,,,,,,,
7.489274,47.2066441,guest_house,Aarhof,,,,,,,,,,,,,,,,,,,,,,,,,,,,,,,,,,
7.4894125,47.2665763,guest_house,,https://www.schafmatthof.ch/,,,,,+41 32 639 15 24,,,,,,,,,,,,,,,,,,,,,,,,,,,,
7.5411652,47.2619397,guest_house,Mittlerer Balmberg,,Mittlerer Balmberg,11,,,+41 32 6371530,,,,,restaurant,,,,,,,,Th-We off,,,,,,,,,,,,,,,
7.6803596,47.1523685,guest_house,,,,,,,,,,,,,,,,,,,,,,,,,,,,,,,,,,,
7.7269997,47.1263035,guest_house,Naturfreundehaus Sunneschyn,,,,,,,,Naturfreunde Herzogenbuchsee,,,,,4,,,,,,,,,,28,,,,,,,,,760m,,
7.659472,47.2173014,guest_house,,,,,,,,,,,,,,,,,,,,,,,,,,,,,,,,,,,
7.3899043,47.3626592,guest_house,Gîte rural,http://www.giterural.ch/,,,,,+41 32 422 32 85,wlan,Tècle et Martial Lachat,,giterural@bluewin.ch,,,,,no,no,,no,,,,,,,,,,,,,,,,
7.5249557,47.2940142,guest_house,Probstenberg,,,,,,,wlan,,,,,,,,,,,,,,,,,,,,,,,,,,,
7.6759188,47.2927538,guest_house,Berggasthof Schwängimatt,,,,,,,,,,,restaurant,,,,,,,,,,,,,regional,,,,,,,,,,
7.7266349,47.2906138,guest_house,Rössli,,Oltenstrasse,1,,,,,,,,restaurant,+41 62 396 10 20,,baumgartner-s@bluewin.ch,,,http://www.roessli-oensingen.ch,,"Mo 07:30-13:30; Tu-Su 07:30-23:30",,,,,,,,,,,,,,,
7.6877126,47.3683418,guest_house,Berggasthaus Obere Wechten,http://www.oberewechten.ch/,,,,,,,,,,,,,,,,,,,,,,,,,,,,,,,,,
7.7027352,47.3715238,guest_house,Berggasthaus Hintere Wasserfallen,,,,,,,,,,,,,,,,,,,,,,,,,,,,,,,,955,,
7.5902915,47.4410826,guest_house,Zur Brücke,,,,,,,,,,,restaurant,,,,,,,,,,,,,regional,,,,,,,,,,
7.318397,47.4923804,guest_house,La Maison des 5 Temps,,rue Saint-Bernard,5,68480,Ferrette,,,,,,,,,,,,,,,,,,,,,,,,,,,,,
7.3175068,47.4926738,guest_house,Le Relais des Comtes,,rue du Chateau,24,68480,Ferrette,,,,,,,,,,,,,,,,,,,,,,,,,,,,,
7.3839765,47.4785194,guest_house,Le Moulin de Huttingue,,,,,,,,,,,,,,,,,,,,,,,,,,,,,,,,,,
7.3903212,47.4915292,guest_house,La Kaliste de l'Ill,,,,,,,,,,,,,,,,,,,,,,,,,,,,,,,,,,
7.3917083,47.493132,guest_house,,,,,,,,,,,,,,,,,,,,,,,,,,,,,,,,,,,
7.6932574,47.4707457,guest_house,Alte Brennerei,,,,,,,,,,,,,,,,,,,,,,,,,,,,,,,,,,
7.5704495,47.5589659,guest_house,Cozy 1 bedroom apartment in Basel,https://www.airbnb.com/rooms/2242979,Colmarerstrasse,77,4055,Basel,+41 796019569,,,,,,,,,,,,,,,,,,,,,,,Colmarerstrasse,,,,,
7.7832805,47.2081374,guest_house,BnB Hopfengrün,www.hopfengrün.ch,Thunstettenstrasse,4,,,+41625301500,,,,,,,,,,,,,,,,,,,,,,,,,,,,
7.7692559,47.3477135,guest_house,Gasthof zum Ochsen,http://www.ochsen-langenbruck.ch,Hauptstraße,12,,,,,,,,,,,,,,,,,,,,,,,,,,,,,,,
7.788863,47.3391184,guest_house,Chilchli Bärenwil,http://chilchli.ch,,,,,+41623901113,,,,,restaurant,,,,,,,,"Mo-Su 08:30-23:00; Tu,We off",,,,,,,,,,,,,,,yes
7.8845954,47.4353762,guest_house,B&B Rünenberg,,,,,,,,,,,,,,,,,,,,,,,,,,,,,,,***,,,
7.9472324,47.3856477,guest_house,Comfort House Lostorf,,Metzgergässli,4,,,,,,,,,+41 787479200,6,,,,,,,,,,,,,,,,,,,,,
7.9823233,47.4006832,guest_house,,http://www.gugenhof.ch,,,,,+41622981134,,Gugenhof,,,,,,,,,,,,,,,,,Schlaf im Stroh,,,,,,,,,
8.043902,47.393904,guest_house,B&B tuch & laube,http://www.tuchundlaube.ch/,Stadthöfli,7,5000,Aarau,+41 76 335 62 68,,,CH,info@tuchundlaube.ch,,,,,,,,,,,,,,,,,,,,,,,,
8.11674,47.1360215,guest_house,Friedau,http://www.friedau.net/,,,,,,,,,,,,,,,,,,,,,,,,,,,,,,,,,
8.14125,47.1248775,guest_house,Bnb Bauernhof Bisang,https://www.kohlweid.ch/,,,,,,,,,,,,,,,,,,,,,,,,,,,,,,,,,
8.1908172,47.1355408,guest_house,machART,,,,,,,,,,,,,,,,,,,,,,,,,,,,,,,,,,
8.2835036,47.2663969,guest_house,Swiss Seasons,https://swiss-seasons.com/,,,,,,,,,,,,,,,,,,,,,,,,,,,,,,,,,
8.2014863,47.4413837,guest_house,Gasthof und Metzgerei zum Ochsen AG,,Dorfstrasse,32,,,,,,,,restaurant,+41 56 464 63 63,,gasthof@ochsen-lupfig.ch,yes,,https://www.ochsen-lupfig.ch,,"Mo-Fr 07:00-24:00; Sa 08:00-24:00; PH off",,,,,,,,,,,,,,,yes
8.3093255,47.3909567,guest_house,Wildenau B&B,,Wildenau,6,5608,Stetten,,wlan,,,,,,7,,,no,,outside,,,,,,,,,,,,,,,,
7.7739785,47.5484163,guest_house,Wohnung Rheinfelden,,,,,,,wlan,Eigentümer,,,,,,,,,,,24/7,,,,,,,,,,,,,,,
7.8215637,47.5494296,guest_house,Schlaf im Stroh,,,,,,,,Bauernhof Erlenhof,,,,,,,,,,,,,,,,,,,,,,,,,,
7.9479617,47.5528292,guest_house,Pension Weizenkorn,,,,,,,wlan,,,,,,,,,,,,,,,,,,,,,,,,,,,
7.9498613,47.551497,guest_house,Gästehaus Hallwyler Hof,http://www.hallwylerhof.de/,Rheinbrückstraße,48,79713,Bad Säckingen,,,,DE,,,,,,,,,,,,,,,,,,,,,,,,,
7.9548154,47.5622436,guest_house,Heuhotel Isele Hof,,,,,,,,,,,,,,,,,,,,,,,,,,,,,,,,,,
7.9744803,47.6062856,guest_house,Lasser Stüble,,Willaringen,15,79736,Rickenbach,+49 7765 530,,Familie Müller,DE,,restaurant,,,,,,,,,,,,,german,,,,,,,,,,
7.9853885,47.6392062,guest_house,Haus Uschi,https://www.traum-ferienwohnungen.de/objektuebersicht/TF65DF62/,Sonnenweg,31a,79736,,,,,,,,,,,,,,,,,,,,,,,House Uschi,,,,,,,
8.1388508,47.4810412,guest_house,Gasthaus Bären,,Neustalden,6,5225,Bözberg,,,,,,,,,,,,,,,,,,,,,,,,,,,,,
8.2080237,47.4819775,guest_house,Alice,,Bahnhofstrasse,11,,,,yes,,,,,+41 56 442 37 07,,,,no,http://www.gaestehausalice.ch,,,,,,,,,,,,,,,,,
8.2521296,47.4975754,guest_house,Casa Scaletto Bed & Breakfast,,Treppenweg,13,,,,,,,,,,,,,,,,,,,,,,,,,,,,,,,
8.1894027,47.5161436,guest_house,Gasthof Bären AG,https://www.gasthofbaeren.ch/,,,,,+41 56 284 12 14,no,Fam. Wernli,,,restaurant,,,,no,,,separated,"Tu-Sa 08:00-24:00; Su 09:00-17:00",,,,,regional,,,,,,,,,,yes
8.1900039,47.517961,guest_house,Bed and Breakfast Sonnenberg,http://www.bnb-sonnenberg.ch/,,,,,+41 79 451 38 01,,J. Wyder,,,,,,,,,,,,,,,,,,,,,,,,,,
8.2240048,47.5395858,guest_house,PSI Guest House,,,,,,,,,,,,,,,,,,no,,,,,,,,,,,,,,,,
8.1359888,47.5890933,guest_house,,,,,,,,,,,,,,1,,,,,,,,,,,,,,,,,,,,,
8.3474641,47.5006738,guest_house,BnB zum Schlüssel,http://www.bnb-zum-schluessel.ch/de,,,,,+41 79 402 98 58,,,,trea.frosio@bluewin.ch,,,,,,,,,,,,,,,,,,,,,,,,
8.3761696,47.5085993,guest_house,Conny's B&B,https://www.connysbb.ch/,,,,,+41 79 762 73 02,,Conny Keller,,info@connys-bb.ch,,,,,,,,,,,,,,,,,,,,,,,,
8.2915538,47.6106206,guest_house,Pension Krauß,,,,,,,,,,,,,,,,,,,,,,,,,,,,,,,,,,
8.2914313,47.6364121,guest_house,Haus Brehmer,,Alemannenstraße,9,79761,Waldshut-Tiengen,+49 7741 3236,wlan,,DE,irmtraudbrehmer@yahoo.de,,,,,no,,,,,,,,,,,,,,,,,,,
8.3531062,47.567718,guest_house,Gasthaus Jägerhof,,,,,,,,,,,,,,,,,,,,,,,,,,,,,,,,,,
8.3751558,47.5727912,guest_house,Landgasthof Hirschen,https://www.hirschen-lienheim.de,Rheintalstraße,13,79801,Hohentengen am Hochrhein,+49 7742 7635,wlan,,DE,info@hirschen-lienheim.de,,,,,,,,,,,,,,,,,,,,,,,,
8.4327539,47.5685076,guest_house,Hartenstein,http://pension-hartenstein.de/,,,,,+49 7742 978 00 98,,Hanneliese Minor,,mail@pension-hartenstein.de,,,,,,,,,,,,,,,,,,,,,,,,
8.4335446,47.5700988,guest_house,,,,,,,,,,,,,,,,,,,,,,,,,,,,,,,,,,,
8.3070163,47.6823072,guest_house,Gästehaus Adler,,Krenkingen,37,79761,Waldshut-Tiengen,+49 7741 2212,,,,,,,,,,,,,,,,,,,,,,,,,,,,
8.3579017,47.6448115,guest_house,Adler,,,,,,,,,,,,,,,,,,,,,,,,,,,,,,,,,,
8.4281499,47.6587498,guest_house,Gasthaus zum Hirschen,,Hauptstraße,81,,,,,,,,,,,,yes,,,,,,,,,,,,,,,,,,,
8.4298098,47.6675423,guest_house,Rüedi-Schüür,http://www.rueedi-ferien.ch,,,,,,,,,,,,,,,,,,,,,,,,,,,,,,,,,
8.9444429,46.0068084,guest_house,Lake View Apartment,,Via Coremmo,6,6900,Lugano,,,,,,,,,,,,,,,,,,,,,,,,,,,,,
8.9318132,46.0153296,guest_house,Centro Cristiano Breganzona,,,,,,,,,,,,,,,,,,,,,,,,,,,,,,,,,,
8.984467,45.9265753,guest_house,B&B Il Vigneto,http://www.ilvigneto.ch/,Via suvaia,2,6818,Milano,,wlan,,CH,,,,2,,,no,,,,,,,50,,,,,,,,,,,
8.9834162,45.9560771,guest_house,Casa Serenella,https://www.bnb.ch/it/bnb/218,Stráda da Cariròra,11,6822,Arogno,,wlan,,,,,,2,,,no,,no,,,,,4,,,,,,,,,,,
8.9778712,46.0014111,guest_house,Guesthouse Castagnola,,Salita degli Olivi,2,6976,,,,,,,,+41 78 6326747,,info@gh-castagnola.com,,,http://www.gh-castagnola.com,,,,,,,,,,,,,,,,,
9.0227314,45.9797375,guest_house,B&B Ca‘Suana,,,,,,,,,,,,,,,,,,,,,,,,,,,,,,,,,,
8.7852497,46.172034,guest_house,Pensione Olanda,https://www.pensione-olanda.ch/,,,,,+41917514727,,,,,,,,,,,,,,,,,,,,,,,,,,,,
8.7417483,46.2218009,guest_house,Bellariva,,,,,,,,,,,restaurant,,,,,,,,,,,,,,,,,,,,,,,
8.7077742,46.2457552,guest_house,Locanda Poncini,,,,,,,,,,,,,,,,,,,,,,,,,,,,,,,,,,
8.629578,46.3628473,guest_house,Agri 2,,,,,,,,,,,,,,,,,,,,,,,,,,,,,,,,,,
8.6314216,46.363615,guest_house,Agri 1,,,,,,,,,,,,,,,,,,,,,,,,,,,,,,,,,,
8.9175457,46.1199278,guest_house,Osteria Grotto Leoni,,,,,,,,,,,restaurant,,,,,,,,,,,,,,,,,,,,,,,
8.7941581,46.1685299,guest_house,PardoBar,http://www.pardobar.com/,Via della Motta,3,6600,Locarno,+41 91 7522123,wlan,,CH,info@pardobar.com,"bar;restaurant",,,,,no,,,"Mo-Th 11:00-24:00; Fr-Sa 11:00-01:00; Su 14:00-24:00",,,,,piadina,,,,,,,,,,
8.7945089,46.1706485,guest_house,Casa Borgo,https://www.casaborgo.ch/,Via Borghese,2,6600,Locarno,,,,CH,,,,,,,,,,,,,,,,,,,,,,,,,
8.7945534,46.17093,guest_house,Boutique Hotel La Rinascente,http://www.hotel-rinascente.ch,Via al Tazzino,3,6600,Locarno,,wlan,,CH,,,,,,,,,,,,,,,,,,,,,,Boutique Hotel,,,
8.7971416,46.1743455,guest_house,"Casa Egner: Caretta, Glaspalast",https://www.casa-egner.ch/,Salita San Biagio,,6600,Muralto,,yes,https://www.tripadvisor.de/RentalPropertyManager-a_manager.1244764,,,,,5,,,no,,,,,,,,,Ferienwohnungen,,,,,,,,,
8.7972085,46.1744584,guest_house,Casa Egner,https://www.casa-egner.ch/,Salita San Biagio,,6600,Muralto,,yes,https://www.tripadvisor.de/RentalPropertyManager-a_manager.1244764,,,,,5,,,no,,,,,,,,,Ferienwohnungen,,,,,,,,,
8.8003261,46.1736375,guest_house,Giardino Fiorito,http://www.giardino-fiorito.ch,Via Sempione,6,6600,Muralto,,,,CH,,,,,,,,,,,,,,,,,,,,,,,,,
8.8078168,46.1745297,guest_house,Hotel Annita,http://www.hotelannita.ch/,,,,,+41(0) 91 743 16 33,,,,,,,,,,,,,,,,,,,,,,,,,,,,
8.8120042,46.1760109,guest_house,Villa Ginia BnB,http://www.villaginia.ch,Via San Gottardo,69,,,+41797431180,,,,,,,,,,,,,,,,,,,,,,,,,,,,
8.847135,46.2117133,guest_house,Centro Lungta,http://www.lungta.ch,,,,,+41 79 636 69 48,,,,centro@lungta.ch,,,,,no,,,no,,,,,,,,,,,,,,,,
8.940197,46.1745904,guest_house,Pensione Anita,,,,6515,Gudo,+41 91 859 11 07,,,,,,,11,,,,,,,,,,,,,,,,,,,,,
8.9768069,46.1070396,guest_house,Agriturismo Alpe Zalto,http://www.agriturismo.ch/agriturismo/alpe_zalto,,,6950,,"+41 076 5634809; +41 076 6839553",,Patriziato di Campestro,CH,,restaurant,,,,,,,,"""Periodo di apertura: Da metà maggio a fine agosto. Settembre e ottobre su riservazione.""",,,,23,regional,"Ristorazione, vendita diretta (formaggi, formaggini), alloggio (in dormitorio o sulla paglia).",,,,,,,,,
8.8438283,46.25214,guest_house,Posse,https://aiposse.ch/,,,,,+41 91 746 17 96,,Fam. Bacciarini - Donadini,,,restaurant,,,,,,,,,,,,,italian,,,,,,,,,,
8.9019711,46.3988973,guest_house,Da Norma,,,,,,,,,,,,,,,,,,,,,,,,,,,,,,,,,,
9.0004132,46.2778607,guest_house,Agriturismo La Finca,https://www.lafinca.ch/,Al Quatro,4,6705,Cresciano,,wlan,,CH,,,,3,,,no,,,,,,,30,,,,,,,,,,,
9.1002548,46.2965548,guest_house,Cà Anna Arvigo,,,,,,,,Fondazione Don Enrico per la Gioventù,,,,,2,,,,,,,,,,12,,,,,,,,,,,
8.9822682,46.4059528,guest_house,B&B Il Calicanto,http://www.ilcalicanto.ch,,,,,,,,,,,,,,,,,,,bed_and_breakfast,,,,,,,,,,,,,,
8.6183359,46.5282987,guest_house,B&B Dotta,https://bnb.ch/,Strada di Valle,35,6780,Airolo,+41 (0)91 869 27 70,,,,albertodotta@bluewin.ch,,,,,,,,,,,,,,,,,,,,,,,,
8.6834446,46.5240643,guest_house,Osteria Altanca,https://www.altanca.ch/,,,,,,,,,,restaurant,,,,,,,,,,,,,,,,,,,,,,,
8.7109899,46.5140304,guest_house,Pensione La Campagnola,https://www.lacampagnola.ch/,Deggio,2,6777,Quito,,wlan,,CH,,,,6,,,no,,,,,,,,,,,,,,,,,,
8.7363412,46.5064652,guest_house,Agritourismo da Paolin,,,,,,,,,,,restaurant,,,,,,,,,,,,,,,,,,,,,,,
8.567292,46.6186536,guest_house,Pension zum Turm,,,,,,+41 (0)41 887 16 86,,,,gasthaus_pension_zum_turm@bluewin.ch,,,,,,,,,,,,,,,,,,,,,,,,
8.5681661,46.6191166,guest_house,Gästehaus Schäfli,,,,,,,,,,,,,,,,,,,,,,,,,,,,,,,,,,
8.5687991,46.6197847,guest_house,Egg Garni,,,,,,,,,,,,,,,,,,,,,,,,,,,,,,,,,,
8.8209546,46.4249923,guest_house,Spycherli,,,,,,,,,,,,,,,,,,,,,,,,,,,,,,,,,,
8.9396864,46.5289821,guest_house,Osteria Centrale,,,,,,,,,,,restaurant,,,,,,,,,,,,,,,,,,,,,,,
8.9713008,46.4065157,guest_house,Villa Ricordo,,Via Cantonale,42,6714,Semione,,,,,,,,,,,,,,,,,,,,,,,,,,,,,
8.9172651,46.7203055,guest_house,Resgia,,,,,,,,,,,,,,,,,,,,,,,,,,,,,,,,,,
9.081796,46.6430858,guest_house,Tgamanada,,,,,,,,,,,,,,,,,,,,,,,,,,,,,,,,,,
9.1140612,46.7478337,guest_house,Meilener Haus,,,,,,,,,,,,,,,,,,,,,,,,,,,,,,,,,,
8.691285,46.7685671,guest_house,Gasthaus Alpenblick,,,,,,,,,,,,,,,,,,,,,,,,,,,,,,,,,,
8.7328565,46.7696984,guest_house,Gasthaus Legni,http://www.gasthauslegni.ch/,,,6475,Bristen,+41 792415081,,,,gasthauslegni@bluewin.ch,,,,,,,,,,,,,,,,,,,,,,,,
8.7343971,46.7763516,guest_house,Gasthof Golzernsee,,,,,,,,,,,,,,,,,,,,,,,,,,,,,,,,,,
8.625319,46.9069867,guest_house,Flüelerhof Grill Rustico,,Axenstrasse,38,6454,Flüelen,,,,,,,,,,,,,,,,,,,,,,,,,,,,,
8.4574333,46.9708338,guest_house,,,,,,,,,,,,,,,,,,,,,,,,,,,,,,,,,,,
8.4688166,46.9696825,guest_house,,,,,,,,,,,,,,,,,,,,,,,,,,,,,,,,,,,
8.5952539,46.9993821,guest_house,Cabana,,,,,,,,,,,,,,,,,,,,,,,,,,,,,,,,,,
8.4687869,47.0351957,guest_house,Felsentor,https://www.felsentor.ch/,,,,,,,,,,,,,,,,,,,,,,,,,,,,,,,,,
8.5249274,47.0253762,guest_house,Burggeist,https://www.rigi-burggeist.ch/,,,,,+41 41 828 16 86,,,,,restaurant,,,,,,,,We-Mo,,,,,,,,,,,,,,,
8.6143199,46.9982521,guest_house,Schlafen im Stroh,http://www.schlafimstroh-bucheli.ch/index2.html,,,,,,,,,,,,,,,,,,,,,,,,,,,,,,,,,
8.6285573,46.9935116,guest_house,Ferienhaus Stockli,,,,,,,,,,,,,,,,,,,,,,,,,,,,,,,,,,
8.6834336,47.0516261,guest_house,Berggasthof Haggenegg,http://haggenegg.com,,,,,+41 41 811 17 74,,,,,restaurant,,,,,,,,"Su-Fr 09:00-18:00;Sa 09:00-22:00",,,,,,,,,,,,,,,
8.7145535,47.0677048,guest_house,Schuler-Marty,,,,,,,,,,,,,,,,,,,,,,,,,,,,,,,,,,
8.7148866,47.0676892,guest_house,Alpschloss zum Pfauen,http://www.alpschloss.ch,Dorfstrasse,33,8849,,,,,,,,,,,,,,,,,,,,,,,,,,,,,,
8.7142879,47.0683406,guest_house,Pension Mythenstube,https://www.mythenstube.ch/,Dorfstrasse,50,8849,,+41555568389,,,,,,,,,,,,,,,,,,,,,,,,,,,,
9.0244042,46.9461635,guest_house,Im Bahnhof,https://www.im-bahnhof.ch,,,,,,,,,,,,,,,,,,,,,,,,,,,,,,,,,
9.3644722,46.5709448,guest_house,Herberge zum Tobel,http://tobelherberge.ch/,Bachstrasse,15,7434,Sufers,+41 81 6309148,,,,,,,2,,,,,,,,,,,,,,,,,,,,,
9.1797952,46.6180692,guest_house,Brücke 49,,,,,,,,,,,,,,,,,,,,,,,,,,,,,,,,,,
9.4301224,46.6296705,guest_house,Usteria Brevegn - Gasthaus Beverin,,,,,Donat,+41 (0)81 661 11 67,no,,,,,,,,,,,,,,,,,,,,,,,,,,,
9.441399,46.6352591,guest_house,Hotel Pro L'ava,,,,,,,,,,,,,,,,,,,,,,,,,,,,,,,,,,
9.4445254,46.6336661,guest_house,Juan Jion,,,,,,,,,,,,,,,,,,,,,,,,,,,,,,,,,,
9.4245918,46.6497022,guest_house,Legreia BnB,https://www.legreia.ch,Orta,56 B,7433,,,,,,info@legreia.ch,,,,,,,,,,,,,,,,,,,,,,,,
9.3462004,46.6777154,guest_house,Berggasthaus Beverin,http://www.berggasthaus-beverin.com/index.php,Glaspass,,7428,Glas/Tschappina,+41 81 6511323,,Willi Scheuble,,,restaurant,,,,,,,,,,,,,regional,Room from 52 CHF,,,,,,,,,yes
9.4396747,46.6972061,guest_house,B&B Gyger,https://www.gyger-thusis.ch/,,,,,+41  81 651 11 23,yes,,,info@gyger-thusis.ch,,,,,,yes,,,,,,,,,,,,,,,,,,
9.4501132,46.714292,guest_house,"Waldheim, Fam. Bauer",,,,,,,,,,,,,,,,,,,,,,,,,,,,,,,,,,
9.7615544,46.419284,guest_house,Chesa Pool,http://www.pensiun-chesapool.ch/,Via da Platta,5,7514,Fex,+41 81 838 59 00,,,CH,info@pensiun-chesapool.ch,,,,,,,,,,,,,,,,,,,,,,,,
9.7944695,46.4611457,guest_house,Aparthotel Chesa Bellaval,http://www.chesa-bellaval.ch,Via suot Pignia,9,7513,Silvaplana,+41 81 8387400,,,CH,info@chesa-bellaval.ch,,,,,,,,,,,,,,,,,,,Aparthotel Chesa Bellaval,,,,,
9.7962352,46.4603392,guest_house,Conrad's Mountain Lodge,,Via dal Farrer,1,7513,Silvaplana,+41 81 8288333,,,CH,mail@com-lodge.com,restaurant,,,,,,,,,,,,,,,,,,Conrad's Mountain Lodge,,,,,
9.7975008,46.459829,guest_house,Chesa Silva,,Via Munterots,1,7513,Silvaplana,+41 81 8386060,,Passion Engadin GmbH,CH,,,,,,,,,,,,,,,,,,,,Chesa Silva,,,,,
9.8192424,46.4826645,guest_house,Chesa Spuondas,https://www.chesaspuondas.ch/,,,,,,,,,,,,,,,,,,,,,,,,pro juventute,,,,,,,,,
9.8291931,46.4810642,guest_house,River Inn,,,,,,,,,,,,,,,,,,,,bed_and_breakfast,,,,,,,,,,,,,,
9.8432995,46.5004885,guest_house,Central Apartment,,Via Maistra,41,7500,St. Moritz,,,,,,,,,,,,,,,,,,,,,,,,,,,,,
9.8417523,46.5012681,guest_house,Chesa Ilaria,,Via Brattas,27,7500,St. Moritz,,,,,,,,,,,,,,,,,,,,,,,,,,,,,
9.8419402,46.5020273,guest_house,Splendida,,Via Brattas,32,7500,St. Moritz,,,,,,,,,,,,,,,,,,,,,,,,,,,,,
9.575795,46.6243651,guest_house,Gasthaus Alpina,http://www.gasthaus-alpina.com/,,,,,,,,,,,,,,,,,,,,,,,,,,,,,,,,,
9.5494857,46.6748185,guest_house,Alpenblick,,,,,,,,,,,restaurant,,,,,,,,,,,,,,,,,,,,,,,
9.2143329,46.7746061,guest_house,Landgasthaus zum Glenner,https://www.landgasthof-glenner.ch/,Glennerstrasse,40,,,+41 81 925 20 30,,,,,,,,,,,,,,,,,,,,,,,,,,,,
9.2834721,46.7867596,guest_house,BnB Buchli,,Tamunt,17,7122,Valendas,,,,,,,,,,,,,,,,,,,,,,,,,,,,,
9.4504648,47.0245302,guest_house,Gasthof Linde,,,,,,,,,,,,,,,,,,,,,,,,,,,,,,,,,,
9.5285437,46.8612566,guest_house,Omar Basam,,Aspermontstrasse,8,7000,,+41 76 535 18 00,wlan,,CH,,,,,,,,,,24/7,,,,,,,,,,,,,,,
9.7378336,46.8417875,guest_house,Skihaus Casanna,,,,,,+41 81 374 20 82,,,,,,,,,,,,,,,,,,,,,,,,,,,,
9.8225673,46.7868334,guest_house,Suvretta Guest House,,Skistrasse,2,7270,Davos Platz,,,,CH,,,,,,no,,,,,,,,,,,,,,,,,,,
9.8248179,46.7933207,guest_house,Bolgenschanze,,,,,,,,,,,nightclub,,,,,,,,,,,,,,,,,,,,,,,
9.8368035,46.8012841,guest_house,,https://www.studio54-davos.ch/,,,7270,,+41 79 962 67 49,wlan,,CH,studio54davos@gmail.com,,,,,,,,,,,,,,,,,Studio 54,,,,,,,
9.829504,46.8026831,guest_house,Haus Waldschlössli,,,,,,,,,,,,,,,,,,,,,,,,,,,,,,,,,,
9.7543788,46.9315777,guest_house,Pension Diana,http://www.restaurantdiana.com/,,,,,+41 81 332 18 55,,,,,,,,,,,,,,,,,,,,,,,,,,,,
9.5294503,47.0048328,guest_house,Victor's Bed & Breakfast,,,,,,,,,,,,,,,,,,,,,,,,,,,,,,,,,,
9.7357966,46.9906868,guest_house,Gasthaus Pension Gaisschära,,,,,,,,,,,,,,,,,,,,,,,,,,,,,,,,,,
9.7373164,46.991303,guest_house,Berggasthaus Post Schuders,,,,,,,,,,,,,,,,,,,,,,,,,,,,,,,,,,
9.8113999,46.9631598,guest_house,Haus Türli,http://www.haus-tuerli.eu/,,,7246,St. Antönien,+41 81 332 20 60,yes,Anke & Hanspeter Sutter,CH,anke.sutter@quickmail.ch,,,4,,,no,,,,,,,,,,+41 79 268 17 05,,,,,,,,
8.7799186,47.1969932,guest_house,Schlaf im Stroh,http://www.luetzelhof.ch,,,,,+41 55 420 21 93,,Lützelhof,,,,,,,,,,,,,,,,,,,,,,,,,,
8.6686218,47.2322209,guest_house,,,Grünaustrasse,4,8820,,,,,,,,,,,,,,,,,,,,,,,,,,,,,,
8.6237696,47.275272,guest_house,Mary’s Pillow B&B,,,,,,,,,,,,,,,,,,,,,,,,,,,,,,,,,,
8.719831,47.2415071,guest_house,Macartney Guesthouse,,,,,,,,,,,,,,,,,,,,,,,,,,,,,,,,,,
8.5221418,47.3624929,guest_house,Vision Apartments,https://visionapartments.com/,Wolframplatz,1,,,,,Vision Management Services,,,,,,,yes,,,,,,,,,,,,,,,,,,,
8.548798,47.3639751,guest_house,MiMo,,,,,,,,,,,,,,,,,,,,,,,,,,,,,,,,,,
8.4866699,47.3899434,guest_house,,,,,,,,,,,,,,,,,,,,,,,,,,,,,,,,,,,
8.5101778,47.3764203,guest_house,Swiss Star Apartments,https://swiss-star.com/properties/apartmenthouse-zurich-aussersihl-3/,Aemtlerstrasse,160,8003,Zürich,,,Apartments Swiss Star,CH,,,,26,,,,,,,,,,,,,,,,,,,,,
8.5161801,47.3741483,guest_house,Guesthouse District 3,https://swiss-star.com/properties/guesthouse-zurich-aussersihl-6/,,,,,+41 43 255 57 57,wlan,Apartments Swiss Star,,info@apartments-swiss-star.ch,,,17,,no,no,,,,,,Guesthouse Gertrudstrasse,,,,,,,,,,,,
8.5185848,47.3737008,guest_house,Guesthouse Westend,,Weststrasse,152,8003,Zürich,,,Apartments Swiss Star,CH,,,+41 43 255 57 57,14,info@apartments-swiss-star.ch,,,https://swiss-star.com/properties/guesthouse-zurich-aussersihl-4/,,,,,,,,,,,,,+41 43 255 57 58,,,,
8.5280646,47.3775633,guest_house,Swiss Star Guesthouse District 4,https://swiss-star.com/,Brauerstrasse,24,8004,Zürich,,,,CH,,,,,,,,,,,,,,,,,,,,,,,,,
8.5301345,47.383134,guest_house,Swiss Star Longstreet,https://swiss-star.com/properties/swiss-star-longstreet/,Langstrasse,213,8005,Zürich,,wlan,Apartments Swiss Star,CH,,,,,,,no,,no,,,,Casa Heinrich,,,,,,,,,,,,
8.5483744,47.3826103,guest_house,Swiss Star University,https://swiss-star.com/properties/apartmenthouse-zurich-oberstrass/,Universitätstrasse,80/82,8006,Zürich,,,Apartments Swiss Star,CH,,,,15,,,,,,,,,,,,,,,,,,,,,
8.5422736,47.4094443,guest_house,Guesthouse Oerlikon,https://swiss-star.com/properties/guesthouse-zurich-oerlikon-3/,Baumackerstrasse,47,8050,Zürich,,,Apartments Swiss Star,CH,,,,23,,,,,,,,,,,,,,,,,,,,,
8.5469861,47.4140516,guest_house,Apartments Swiss Star,,Friesstrasse,8,8050,Zürich,,,,,,,,,,,,,,,,,,,,,,,,,,,,,
8.7932867,47.2589722,guest_house,Im Röseligarten,http://www.roeseligarten.ch/,Oberwolfhauserstrasse,17a,8633,Wolfhausen,+41 55 243 46 46,,,,info@roeseligarten.ch,,,,,,,,,,bed_and_breakfast,,,,,,,,,,,,,,
9.0341492,47.2248457,guest_house,Schlafen im Stroh,,,,,,,,,,,,,,,,,,,,,,,,,,,,,,,,,,
9.127803,47.2627415,guest_house,Speerblick,,Rosenbüelstrasse,46,9642,Ebnat-Kappel,,,,,,,,,,,,,,,,,,,,,,,,,,,,,
9.1283297,47.2623672,guest_house,Missionshaus Arche,,Rosenbüelstrasse,48,9642,Ebnat-Kappel,,,,,,,,,,,,,,,,,,,,,,,,,,,,,
8.9120493,47.2984414,guest_house,Bed&Breakfast,,,,,,,,,,,,,,,,,,,,,,,,,,,,,,,,,,
8.9130739,47.3151524,guest_house,Drossli,,,,,,,,,,,,,,,,,,,Mar-Oct 16:00+,,,,,,,,,,,,,,,
8.8255048,47.3933917,guest_house,B&B Zürcher Oberland,http://www.bnb-zo.ch,Hermatswilerstrasse,50,8330,Hermatswil,+41 44 950 50 48,,,,info@bnb-zo.ch,,,,,,,,,,,,,,,,,,,,,,,,
8.8475898,47.428762,guest_house,Casa Almeida B&B,http://www.casa-almeida.ch/,,,,,+41 76 443 44 44,,,,,,,,,,,,,,bed_and_breakfast,,,,,,,,,,,,,,
8.9711792,47.4337669,guest_house,BnB Thurgau,,,,,,,yes,,,,,,,,,,,,,,,,,,,,,,,,,,,
8.5563385,47.5308088,guest_house,B&B zum Sternen,http://www.bnb-zumsternen.ch,Dachslenbergstrasse,100,8180,Bülach,+41 44 860 08 73,,,,info@bnb-zumsternen.ch,,,,,,,,,,,,,,,,,,,,,,,,
8.5906486,47.5862981,guest_house,Wydhof,,,,,,,,,,,,,,,,,,,,,,,,,,,,,,,Ferien auf dem Bauernhof,,,
8.6892787,47.5120505,guest_house,,,,,,,,,,,,,,,,,,,,,bed_and_breakfast,,,,,,,,,,,,,,
8.7337958,47.4977376,guest_house,Dependence Huus Zur Vielfalt,,Gärtnerstrasse,22,,,,,,,,,,,,,,,,,,,,,,,,,,,,,,,
8.7325836,47.4983823,guest_house,B&B Huus Zur Vielfalt,,General-Guisan-Strasse,7,,,,,,,,,,,,,,,,,,,,,,,,,,,,,,,
8.7349892,47.5019416,guest_house,Bed & Breakfast Villa Jakobsbrunnen,https://bnb.jakobsbrunnen.ch/,Schwalmenackerstrasse,4,8400,Winterthur,,wlan,,,,,,4,,,no,,no,,,,,,,,,,,,,,,,
8.7679066,47.5400707,guest_house,Gasthaus Schlosshalde,,,,,,,,,,,,,,,,,,,,,,,,,,,,,,,,,,
8.6790906,47.5922475,guest_house,Bed&Breakfast,,,,,,,,,,,,,,,,,,,,,,,,,,,,,,,,,,
8.4568004,47.7068997,guest_house,Gasthaus Berghof,,,,,,,,,,,,,,,,,,,,,,,,,,,,,,,,,,
8.6357426,47.6538853,guest_house,Stallstube Riethof,http://www.stallstube.ch,,,,,,,,,,,,,,,,,,,,,,,,,,,,,,,,,
8.6409639,47.6934138,guest_house,Gasthaus zum Engel,,,,,,+41 52 659 39 04 ‎,,,,,,,,,,,,,,,,,,,,,,,,,,,,
8.9929102,47.4643304,guest_house,Pension Räubergasse,https://raeubergasse.com/,Flurstrasse,3,8370,Sirnach,+41 77 478 79 88,,,,hoegger@bluewin.ch,,,,,,,,,,,,,,,,,,,,,,,,
9.0133167,47.5031418,guest_house,Thürn,,,,,,,,,,,,,,,,,,,,,,,,,,,,,,,,,,
9.042195,47.6339946,guest_house,BnB Seerücken,https://rapifun.ch/,Bürenstrasse,1,8558,Raperswilen,,wlan,,,info@rapifun.ch,,,,,,,,,,bed_and_breakfast,,,,,,,,,,,,,,
9.0564922,47.5698508,guest_house,Chalet alte Post,,,,,,,,,,,,,,,,,,,,,,,,,,,,,,,,,,
9.0601845,47.5838216,guest_house,Kreuzstrasse,http://www.gasthaus-kreuzstrasse.ch/,,,,,,yes,,,,,,,,no,no,,,,,,,,,,,,,,,,,,
9.1043425,47.5723387,guest_house,Gasthaus zur Rebe,,,,,,,,,,,restaurant,,,,,,,,,,,,,,,,,,,,,,,
8.8441846,47.6529283,guest_house,Löwen,,Hauptstrasse,10,8259,Kaltenbach,+41 52 741 23 21,,,CH,,restaurant,,,,,,,,,,,,,,,,,,,,,,,
8.8627363,47.652234,guest_house,B&B Gallina,http://www.bnb-gallina.ch/,,,,,+41 52 243 18 89,,,,,,,,,,,,,,bed_and_breakfast,,,,,,,,,,,,,,
8.858359,47.6594597,guest_house,Kleine Schaub,https://www.bnb-kleine-schaub.ch/,,,,,+41 52 533 49 34,wlan,,,info@bnb-kleine-schaub.ch,,,,,no,,,,,,,,,,,,,,,,,,,
9.2150316,47.2155769,guest_house,Restaurant Freihof Germen,http://www.freihof-germen.ch/,,,,,,,,,,restaurant,,,,,,,,,,,,,regional,,,,,,,,,,
9.2240323,47.328563,guest_house,Gästehaus Krone,,,,,,,,,,,,,,,,,,,,,,,,,,,,,,,,,,
9.2379004,47.346472,guest_house,Hirschen,,Risi,373,9103,Schwellbrunn,,,Tanner Katrin,,,,,,,,,,,,,,,,,,,,,,,,,,
9.2865603,47.4588448,guest_house,B+B,,,,,,,,,,,,,,,,,,,,,,,,,,,,,,,,,,
9.3325884,47.3407624,guest_house,Hundwiler Höhi,http://www.hundwilerhoehe.ch/,,,9064,Hundwil,+41-71 367 12 16,,,,,restaurant,,,,,,,,,,,,,,,,,,,,,1309,,yes
9.408284,47.3291247,guest_house,B&B Jordi,,,,,,,,,,,,,,,no,,,,,,,,,,,,,,,,,,,
9.4096343,47.3296486,guest_house,Pilgerherberge,,,,,,,,,,,,,,,,,,,,,,,,,,,,,,,,,,
9.3431486,47.3749182,guest_house,Am Brunnen Bed & Breakfast,http://ambrunnenbb.ch/,Dorf,6,9063,Stein AR,+41 71 571 19 99,,Manuela Zwicky,,office@ambrunnen-stein.ch,,,5,,,,,,,,,,,,,,,,,,,,,
9.3804233,47.3908927,guest_house,Al Dente,,Hauptstrasse,21,9053,Teufen,,,,,,restaurant,,,,no,,,,"Tu 14:00-18:30; We 14:00-18:00; Th,Fr 09:00-12:00,14:00-18:30; Sa 09:00-12:00,13:00-16:00",,,,,,,,,,,,,,,
9.2245258,47.4692986,guest_house,,https://bnb.ch/de/bnb/2476,,,9246,Niederbüren,,wlan,Silvia & Othmar HARDER,,,,,,,,,,,,bed_and_breakfast,,,,,,,,,,,,,,
9.2397431,47.563946,guest_house,Wellnessfarm in harmony,http://www.wellnessfarm.ch,Hauptstrasse,2,8586,Kümmertshausen,+41 71 695 48 07,,Fabienne & Erwin Toppler-Neuhauser,CH,,,,,,limited,,,outside,,,,,,,,,,,,,,,,
9.4311391,47.5144562,guest_house,Garni Sohnenhof,,,,,,,,,,,,,,,,,,,,,,,,,,,,,,,,,Garni Sohnenhof,
9.4084453,47.5301154,guest_house,Strohhotel,,,,,,,,,,,,,,,,,,,,,,,,,,,,,,,,,,
9.3422654,47.5828571,guest_house,Frohsinn,,,,,,,,,,,,,,,,,,,,,,,,,,,,,,,,,,
9.3780749,47.5674638,guest_house,Mirasol,,,,,,,,,,,,,,,,,,,,,,,,,,,,,,,,,,
9.3729498,47.5722122,guest_house,,,,,,,,,,,,,,,,,,,,,,,,,,,,,,,,,,,
9.3165202,47.5937839,guest_house,B&B im Riegelhaus,https://www.bnb-im-riegelhaus.ch/,,,,,+41 71 525 07 97,,Ursula Walther & Silvia Gubler,,,,,,info@bnb-im-riegelhaus.ch,,,,,,bed_and_breakfast,,,,,,,,,,,,,,
9.8499558,46.4980716,guest_house,Dimlej Apartments,,Via Dimlej,5,7500,St. Moritz,,,,,,,,,,,,,,,,,,,,,,,,,,,,,
10.0227577,46.4105854,guest_house,Cambrena,,,,,,,,,,,restaurant,,,,,,,,,,,,,,,,,,,,,,,
10.1388827,46.5475594,guest_house,B&B Garni Delia,,,,,,,,,,,,,,,,,,,,,,,,,,,,,,,,,,
10.1411729,46.5455382,guest_house,Engadina B&B,,,,,,,,,,,,,3,,,,,,,,,,7,,,,,,,,,,,
10.1106754,46.767738,guest_house,,http://www.appa.ch/21460.htm,Stradun,10,7543,,+41 81 862 27 82,,Heidi Cuonz,CH,heidi.cuonz@gmx.ch,,,,,,,,,,,,,,,,,,,,,,,,
10.1487199,46.7769693,guest_house,Guarda Lodge,https://www.guardalodge.ch/,,,,,,,,,,,,,,,,,,,bed_and_breakfast,,,,,,,,,,,,,,
9.9152897,46.9693445,guest_house,Haus Alphorn,,,46b,6787,St. Gallenkirch,,,,AT,,,,,,,,,,,,,,,,,,,,,,,,,
9.9152689,46.9695193,guest_house,Haus Täscher,,,46a,6787,St. Gallenkirch,,,,AT,,,,,,,,,,,,,,,,,,,,,,,,,
10.2431761,46.7923374,guest_house,Chasa Allegra,,,,,,,,,,,,,,,,,,,,,,,,,,,,,,,,,,
