X,Y,tourism,building,name,addr:housenumber,addr:street,addr:postcode,addr:city,website,addr:country,phone,amenity,email,contact:phone,internet_access,contact:website,operator,ele,contact:email,cuisine,internet_access:fee,rooms,wheelchair,addr:housename,guest_house,smoking,building:levels,opening_hours,addr:suburb,contact:mobile,fax,addr:place,beds,capacity,description,stars,building:roof,name:de
6.22969026212004,46.3933747247919,guest_house,yes,Villa Sanluca Bed & Breakfast,6,Chemin des Cottages,1260,Nyon,,CH,,,,,,,,,,,,,,,,,,,,,,,,,,,,
6.76698880018988,46.0501995037806,guest_house,house,Chalet Vaia,5288 A,Route d'Hauterive,,,,,,,,+33 4 50 89 70 44,wlan,,,,,,no,,,,,,1,,,,,,,,,,,
6.76960008394331,46.0453387494228,guest_house,apartments,Le Rouet,,Route de Salvagny,,,,,,,,+33 4 50 10 10 11,wlan,https://www.gites-de-france-haute-savoie.com/fiche-hebergement-273024.html?OPE=WSMBT&ORI=WSMBT,,,,,,2,,,,,,,,,,,5,,,2,,
6.76940160285567,46.0463706155009,guest_house,yes,Auberge de Salvagny,,,,,,,,,,+33 4 50 34 47 64,,http://www.aubergedesalvagny.com/home/,,,contact@aubergedesalvagny.com,,,18,,,,,,,,+33 6 79 63 36 22,,,,,,,,
6.9242413881204,46.0264429137294,guest_house,yes,La ferme des cimes,1046,Route du col,74660,Vallorcine,,,,,,,,,,,,,,,,,,,,,,,,,,,,,,
6.93447883182908,46.0355510976728,guest_house,yes,L'Anatase,,,74660,Vallorcine,http://www.lanatase.com/,,+33 4 50 54 64 06,,info@lanatase.com,,,,,,,,,,,,,,,,,,+33 4 50 54 69 41,,,,,,,
6.3331264802315,46.1583270497205,guest_house,yes,Gîte de la Lierre,380,Route de la Lierre,74250,Fillinges,,FR,,,,,,,,,,,,,,,,,,,,,,,,,,,,
6.64368863991076,46.2834770105843,guest_house,yes,,,,,,,,,,,,,,,,,,,,,,,,,,,,,,,,,,,
6.63473616715479,46.3581653735902,guest_house,yes,L'Ourserie,376,Chemin des Rebet,,,,,,,,+33 4 50 73 33 72,,http://www.lourserie.com/,,,info@lourserie.com,,,,,,,,,,,+33 6 63 91 87 85,,,,,,,,
6.71326407585883,46.091546020742,guest_house,apartments,Gîte l'Oratoire,,,,,https://www.gites-de-france.com/location-vacances-Samoens-Gite-L-oratoire-olympia-74G258039.html,,+33 4 50 10 10 11,,,,,,Gîtes de France,,,,,,,,,,2,,,,,,,,,,,
6.74460786088304,46.0731104928845,guest_house,yes,Le clos missaire,62,,,,,,,,,,,,,,,,,,,,,,,,,,,,,,,3,,
6.74040701280813,46.0757693268905,guest_house,yes,La ferme d'en bas,483,,,,,,,,,,,,,,,,,,,,,,,,,,,,,,,,,
6.75822417606318,46.0612409973607,guest_house,house,Chambres d'hôtes du Mont,,,,,,,,,,+33 4 50 34 95 10,,https://www.chambresdhotes-lemont.fr/,,,chantal.lemont@orange.fr,,,2,,,,,,,,+33 6 75 79 99 85,,,4,6,,,,
6.77423070398539,46.0558402456724,guest_house,house,L'Alpée,,,,,,,,,,+33 4 50 89 06 18,,http://sixtalpinechalet.com/,Sean Dunning,,info@sixtalpinechalet.com,,,4,,,,,,,,,,,,10,,,,
6.81216946160231,46.0706945085097,guest_house,house,Gîte des Cascades,5036,,,,,,,,,+ 33 4 50 34 10 49,,http://gitedescascades.com/,Valérie Monet,,info@gitedescascades.com,,,,,,,,,,,+ 33 6 26 01 47 71,,,,,,,,
6.81550259962923,46.0718381210789,guest_house,hotel,Gîte du Tenneverge,,,,,,,,,,+33 4 50 34 91 58,,http://www.gite-hautesavoie.com/,,,gitenverg_sixt@hotmail.com,,,,,,,,1,,,,,,,12,,,,
6.69710680881442,46.186161002238,guest_house,,Neige et Soleil,743,Route de la Plagne,74110,Morzine,,,,,,,,,,,,,,,,,,,,,,,,,,,,,,
6.70646614596156,46.1789399967264,guest_house,,,281,Chemin de la Coutetaz,74110,Morzine,,,,,,,,,,,,,,,,,,,,,,,,,,,,,,
6.70797145433133,46.1780859930108,guest_house,,Mas de la Coutettaz,429,Chemin de la Coutettaz,74110,Morzine,,,,,,,,,,,,,,,,,,,,,,,,,,,,,,
6.7293113638516,46.265505151988,guest_house,yes,Le Vieux Chalet,,Charmy L'Envers,74360,Abondance,,,+33 4 50 73 02 79,,,,wlan,,Liliane Berthet,,,,,4,,,,,,,,,,,,,,,,
6.83845667348718,46.2633751508673,guest_house,house,Chalet l'Etringa,476,Route du Linga,,,,,,,,+33 4 50 81 31 48,,http://www.etringa.com/index.php,,,perine.chambaud@wanadoo.fr,,,,,,,,2,,,+33 6 87 56 82 52,,,,,,,,
6.68346459426816,46.3596979447293,guest_house,house,Chez Claudine et Dani Dutruel,,,,,,,,,,+33 4 50 73 67 64,,http://www.gites-bernex.com/,,,daniel.dutruel@wanadoo.fr,,,,,,,,,,,,,,,,,,,
6.69346834456208,46.3583212391904,guest_house,yes,Les Grives,,,,,,,,,,+33 4 50 73 16 77,,http://www.bernex.fr/chambres-d-hotes,,,,,,,,,,,,,,+33 6 25 87 50 49,,,,,,,,
6.69508573831425,46.3590738313163,guest_house,house,Au Charme de la Dent,,,,,,,,,,+33 4 50 72 53 34,,http://www.aucharmedeladent.fr/,,,,,,,,,,,,,,+33 6 82 24 84 01,,,,,,,,
6.78852525526377,46.3683206769844,guest_house,house,Gîte Le Franco Suisse,,,,,,,,,,+33 4 50 76 73 74,,,,,gitefrancosuisse.novel@orange.fr,,,,,,,,,,,,,,,6,,,,
6.80317827394465,46.3920671505207,guest_house,house,Le Nid du Milan,18,Rue du Stand,1898,Saint-Gingolph,,,,,,,,,,,,,,,,,,,,,,,,,,,,,,
7.00963204855189,46.232169798407,guest_house,,La Pelouse,,,,,,,,,,,,,,,,,,,,,,,,,,,,,,,,,,
7.01383569289893,46.2469171498332,guest_house,yes,,6,Chemin de Vuarrens,1880,Bex,,CH,,,,,,,,,,,,,,,,,,,,,,,,,,,,
7.09145484345734,46.1292374498476,guest_house,yes,Oh bons moments!,,,,,,,,,,,wlan,,,,,,yes,,,,,,,,,,,,,,,,,
7.20314225,46.2103574,guest_house,yes,Les Vérines,,,,,,,,,,,,,,,,,,,,,,,,,,,,,,,,,,
7.33502054850157,46.1911777500251,guest_house,yes,Winoka Lodge,53,Route de Clèbes,,,,,,,,,,,,,,,,,,,,,,,,,,,,,,,,
7.15357100383292,46.3536060738127,guest_house,yes,,10,Chemin du Plan,1865,Les Diablerets,,CH,,,,,,,,,,,,,,Anémone,,,,,,,,,,,,,,
7.1581479,46.35207635,guest_house,yes,,,,1865,Ormont-Dessus,,CH,,,,,,,,,,,,,,La Butte,,,,,,,,,,,,,,
7.51262518092202,46.2742995158973,guest_house,,,,,,,,,,,,,,,,,,,,,,,,,,,,,,,,,,,,Castel de Daval
7.62805785795214,46.3777673501575,guest_house,yes,Chalet Tatjana,,,,,,,,,,,,,,,,,,,,,,,3,,,,,,,,,,,
7.62821554735967,46.3779589330495,guest_house,yes,Haus Leuca,,,,,,,,,,,,,,,,,,,,,,,,,,,,,,,,,,
7.62791080940571,46.3785962003882,guest_house,yes,Haus Mayenzett,,,,,,,,,,,,,,,,,,,,,,,,,,,,,,,,,,
7.6284553290275,46.3783892362281,guest_house,yes,Haus Royal,,,,,,,,,,,,,,,,,,,,,,,,,,,,,,,,,,
7.62676463470005,46.3820582014861,guest_house,yes,,,,,,,,,,,,,,,,,,,,,,,,,,,,,,,,,,,
7.62601516466375,46.3827761499579,guest_house,yes,Haus Eldorado,,,,,,,,,,,,,,,,,,,,,,,,,,,,,,,,,,
7.62638422922402,46.3826052376772,guest_house,yes,Haus Gstein,,,,,,,,,,,,,,,,,,,,,,,,,,,,,,,,,,
7.62680629111112,46.3823768999351,guest_house,yes,Haus Olympia,,,,,,,,,,,,,,,,,,,,,,,,,,,,,,,,,,
7.62716571233641,46.382290842206,guest_house,yes,Haus Albina,,,,,,,,,,,,,,,,,,,,,,,,,,,,,,,,,,
7.62519801717386,46.383319850105,guest_house,yes,,,,,,,,,,,,,,,,,,,,,,,,,,,,,,,,,,,
7.62549930393126,46.3832842001473,guest_house,yes,,,,,,,,,,,,,,,,,,,,,,,,,,,,,,,,,,,
7.62598371517818,46.3831158001293,guest_house,yes,,,,,,,,,,,,,,,,,,,,,,,,,,,,,,,,,,,
7.62742867375998,46.382112050668,guest_house,yes,Chalet Bergfrieden,,,,,,,,,,,,,,,,,,,,,,,,,,,,,,,,,,
7.62977245,46.3836029,guest_house,apartments,Haus Europe,,,,,,,,,,,,,,,,,,,,,,,,,,,,,,,,,,
7.63123189779031,46.3829655029434,guest_house,apartments,Al Ponte,,,,,,,,,,,,,,,,,,,,,,,,,,,,,,,,,,
7.7234208,46.32814555,guest_house,yes,Peinsion Park,,,,,,,,,,,,,,,,,,,,,,,,,,,,,,,,,,
7.94590540745878,46.3153997497612,guest_house,yes,Chalet Mund Bed&Breakfast,,,,,,,,,,,,,,,,,,,,,,,,,,,,,,,,,,
8.0681836,46.3753435,guest_house,,Bahnhof,,,,,,,+41 27 927 11 84,,,,,,,,,,,,,,,,,,,,,,,,,,,
6.3952406288417,46.4706509937162,guest_house,yes,Château Rochefort,,,,,https://chateau-rochefort.ch/,,,,,,,,,,,,,,,,,,,,,,,,,,,,,
6.50308896174223,46.5219748605208,guest_house,house,Julia Mettler,20,Chemin des Pétoleyres,1110,Morges,https://bnb.ch/index.php?p=page&id=616,CH,+41 (0) 21 801 57 48,,,,,,,,,,,,,,,no,,,,,,,,,,,,
6.50532335127649,46.64759890003,guest_house,yes,,,,,,,,,,,,,,,,,,,,,,,,,,,,,,,,,,,
6.47156000266597,46.800765699809,guest_house,yes,Bel Horizon,310,La Gittaz-Dessus,1450,Sainte-Croix,http://www.belhorizongiterural.ch/,CH,,,,,,,,,,,,,,,,,,,,,,,,,,,,
6.61207495,46.91113475,guest_house,yes,A Côté,8,Rue Centrale,2112,Môtiers,http://www.acote-motiers.ch,,+41 (0)79 240 13 13,,,,,,,,,,,,,,,,,,,,,,,,"Chambres d'hôtes, café, concerts, exposition",,,
6.72143070904388,46.86714463742,guest_house,yes,Ferme des Bioles Concise,,,1426,Concise,,CH,,,,,yes,,,,,,no,,,,,,,,,,,Les Bioles,,,,,,
6.86319979567389,46.8599936002294,guest_house,yes,Ferme de la Corbière,,,,,http://www.corbiere.ch/,,,,,,,,,,,,,,,,,,,,,,,,,,,,,
6.83481099842126,47.0027761499686,guest_house,yes,La Prise,11,,,,http://www.alaprise.ch/,,,,,,,,,,,,,,,,,,,,,,,,,,,,,
6.7038425,47.06730235,guest_house,yes,Le Passiflore,,,,,,,,,,,,,,,,,,,,,bed_and_breakfast,,,,,,,,,,,,,
6.7682806,47.10263245,guest_house,yes,La Salomlé,,,,,,,+41 32 913 60 81,,,,,,,,,,,,,,bed_and_breakfast,,,,,,,,,,,,,
6.8057364,47.10777525,guest_house,yes,La Ferme du Sommet de Pouillerel,,,,,https://www.lafermedusommetdepouillerel.ch/,,,,,,,,,,,,,,,,,,,,,,,,,,,,,
6.90600785392517,47.1565353998792,guest_house,farm,Chasseral Outdoor,96,La Chaux-d'Abel,2333,La Ferrière,http://www.treck.ch,CH,+41(32)3151989,,,,,,,1047,,,,,,,,,,,,,,,,,,,,
6.95107018283757,47.2928929999308,guest_house,yes,Le Moulin du Plain,,,,,,,,,,,,,,,,,,,,,,,,,,,,,,,,,,
7.0561488415229,46.6294819810824,guest_house,yes,B&B morel,24,Chemin d'Ogoz,1630,Bulle,http://www.bnbmorel.ch,CH,,,,,,,,,,,,,,,,,,,,,,,,,,,,
7.09377778235742,46.6263190253264,guest_house,yes,Les Laviaux,,,,,,,,,,,,,,,,,,,,,,,,,,,,,,,,,,
7.14611181094514,46.7549507498098,guest_house,yes,Bed & Breakfast,,,,,,,,,,,,,,,,,,,,,,,,,,,,,,,,,,
7.1669836413739,46.732222459289,guest_house,castle,Château de la Grande Riedera,,,,,http://www.chateau-grande-riedera.ch/,,,,,,,,,,,,,,,,,,,,,,,,,,,,,Schloss La Grande Riedera
7.28954636792777,46.671371169219,guest_house,yes,Anna's B&B,216,Schwarzseestrasse,1716,Schwarzsee,,CH,,,,,,,,,,,,,,,,,,,,,,,,,,,,
7.30099058560963,46.7326734997921,guest_house,yes,B&B Zum Hinkelstein,526,Mülleren,3158,Guggisberg,,CH,+41 26 419 35 27,,e.p.gruber@bluewin.ch,,,,,,,,,,,,,,,,,,,,,,,,,
7.44972435,46.4409308,guest_house,yes,Trachsel-Huus,2,Eystrasse,3775,Lenk im Simmental,,,,,,+41 78 806 78 92,,http://www.trachsel-huus.ch,,,markus@trachsel-huus.ch,,,,,,,,,,,,,,,,,,,
7.67379389968251,46.4938335999945,guest_house,residential,Adams Alpine Eden,13,,3718,Kandersteg,http://www.adamsalpineeden.com/,CH,,,,,,,,1173,,,,,,,,,,,,,,,,,,,,
7.45955399289046,46.6613353427853,guest_house,yes,Bären,183,Bunschen,3765,Oberwil im Simmental,http://www.baeren-bunschen.ch,CH,+41 33 783 11 31,restaurant,,,,,,867,,regional,,,,,,,,,,,,,,,,,,
7.64590263862555,46.7068691267325,guest_house,yes,Le Rüdli,29,Steinacherweg,3646,Einigen,,CH,,,,,,,,,,,,,,,,,,,,,,,,,,,,
7.10730387675816,46.7803428500233,guest_house,yes,Maison des Anges,12,Impasse de Froideville,1725,Posieux,http://www.maison-des-anges.ch/,CH,+41 26 400 06 51,,administration@maison-des-anges.ch,,,,,,,,,,,,,,,,,,,,,,,,,
7.16001496477405,46.8014545937216,guest_house,yes,Le sonnenberg,4,Chemin du Sonnenberg,,,http://www.lesonnenberg.ch,,,,,,,,,,,,,,,,,,,,,,,,,,,,,
7.18845012738816,46.7965867325738,guest_house,yes,B&B Meier,7,Römerswil,1717,St. Ursen,,CH,,,,,,,,,,,,,,,,,,,,,,,,,,,,
7.37705209358204,46.8239144274041,guest_house,yes,Im Stroh schlafen,11,Innerdorf,3152,Mamishaus,http://www.im-stroh-schlafen.ch,CH,,,,,,,,,,,,,,,,,,,,,,,,,,,,
7.24820515,46.9250169,guest_house,,Irishof,7,Riedstrasse,3204,Rüplisried,,,,,,,,,,,,,,,,,bed_and_breakfast,,,,,,,,,,,,,
7.2519636,46.91816055,guest_house,yes,gast&hof,15a,Bärfischenhaus,3204,Rosshäusern,,CH,,,,+41 31 747 58 16,wlan,http://www.gastundhof.ch,,,streitknuchel@bluewin.ch,,,,,,,,,,,,,,,,,,,
7.25215943203182,46.9181749640577,guest_house,farm,gast&hof,15,Bärfischenhaus,3204,Rosshäusern,,CH,,,,+41 31 747 58 16,wlan,http://www.gastundhof.ch,,,streitknuchel@bluewin.ch,,,,,,,,,,,,,,,,,,,
7.38047929129791,46.9680684001596,guest_house,yes,Anna & Hansruedi Schütz,20,Dorfstrasse,3032,,,,,,,+41 31 901 01 64,,http://www.bern.com/de/unterkuenfte/bedandbreakfast/bedandbreakfast-stadt/Schuetz_Anna,,,haldemannschuetz@bluewin.ch,,,,,,,,,,,,,,,,,,,
7.25774844481798,47.1012062001848,guest_house,,B&B Gästehaus im Grünen,2,Birkenweg,2565,Jens,"http://www.tomas.ch/irs/TPortalRegion/booking/BienneB/5/TDS00020010000610779/_B&amp;B_G",CH,+4132 331 65 26,,r.stevanon@gmail.com,,wlan,,,,,,no,,no,,,no,,,,,,,,,,,,
7.42922170736427,46.7772975183825,guest_house,yes,Restaurant Längeneybad,126,Längeneybad,3154,Rüschegg Heubach,,CH,,restaurant,,,,,,883,,,,,,,,,,,,,,,,,,,,
7.43993310412759,46.8015120500558,guest_house,farm,Waldruh,16,Hohlenweg,3132,Riggisberg,,CH,+41 31 802 01 28,,Waldruh@gmx.ch,,,,,937,,,,,,Waldruh,,,,,,,,,,,,,,
7.44925743016977,46.8008829510687,guest_house,residential,,10,Hohlenweg,3132,Riggisberg,,CH,,,,,,,,936,,,,,,,,,,,,,,,,,,,,
7.44678241691299,46.8121400409629,guest_house,farm,Schlafen im Stroh,4,Muriboden,3132,Riggisberg,,CH,+41 31 809 30 02,,,,,,,801,,,,,,,,,,,,,,,,,,,,
7.5048526998352,46.7793399872233,guest_house,farm,B&B Stauffenbühl,140,Stauffenbühl,3664,Burgistein,http://www.stauffenbühl.ch,CH,,,stauffenbuehl@gmail.com,+41 33 557 83 83,,http://www.stauffenbühl.ch,Lena und Simon Vögeli,758,,,,,,,,outside,,,,,,,,,,,,
7.51055583913606,46.8066317104489,guest_house,yes,Gasthof Kreuz Lohnstorf,8,Hauptstrasse,3127,Lohnstorf,https://www.kreuz-lohnstorf.ch/,CH,+41 79 277 01 13,restaurant,info@kreuz-lohnstorf.ch,,,,,,,regional,,,,,,outside,,We-Sa 09:00-18:00,,,,,,,,,,
7.46871641110035,46.909194954888,guest_house,yes,B&B Elisabeth & Siegfried Walker,2,Hubelhohle,3122,Kehrsatz,http://www.bnb.ch/index.php?p=page&id=1144,CH,,,,+41 31 9615207,,http://www.bnb.ch/index.php?p=page&id=1144,,576,,,,,,,,,,,,,,,,,,,,
7.51994723335965,46.9160045775694,guest_house,yes,Gasthof zum Hirschen,10a,Thunstrasse,3112,Allmendingen bei Bern,https://www.hirschen-allmendingen.ch,CH,+41 (0) 951 21 56,restaurant,info@hirschen-allmendingen.ch,,,,,585,,regional,,,no,,,,,,,,,,,,,,,
7.45474685181737,46.9506491525921,guest_house,yes,Stürlerhaus,,,,,,,,,,,wlan,http://www.stuerlerhaus.ch,,,stuerler@bluewin.ch,,no,,,,,no,,,,,,,,,,,,
7.89043203548598,46.5453072486289,guest_house,residential,Olle & Maria's Bed & Breakfast,783,Reindli,3826,Gimmelwald,,CH,,,,,,,,1381,,,,,,,,,,,,,,,,,,,,
7.89237778235419,46.5470172954458,guest_house,residential,Esther's Guesthouse,751a,Kirchstatt,3826,Gimmelwald,,CH,,,,,,,,1376,,,,,,,,,,,,,,,,,,,,
7.86401715,46.7286563,guest_house,,Chalet Rita,,,,,,,,,,,,,,,,,,,,,,,,,,,,,,,,,,
7.88010070534367,46.7270379992511,guest_house,yes,Hof Maiezyt,756,Tschiemen,3804,Habkern,https://www.hofmaiezyt.ch,CH,,,,,yes,,,1175,,,,,,,,,,,,,,,,,,,,
8.19523815530763,46.726366665049,guest_house,residential,Dunkel-Blaue Maus,22,Obersteinstrasse,3860,Meiringen,https://www.bed-and-breakfast-meiringen.ch/,CH,,,,,,,,610,,,,,,,,,,,,,,,,,,,,
8.06849752855687,46.9896369496959,guest_house,yes,,,Widmen,6162,Entlebuch,http://www.schafbuur.ch/de/ferien/zimmer--wohnung,,,,,,wlan,,schafbuur.ch,,,,no,2,,,bed_and_breakfast,outside,,,,,,,6,,,,,
8.23534226787434,46.7996703957302,guest_house,yes,Berggasthaus Aelggialp,,,,,,,,restaurant,,,,,Silke Schwenger,,,,,,,,,,,,,,,,,,,,,
8.18852296579433,47.0763682501595,guest_house,yes,Huobschür,,,,,http://www.huobschuer.ch,,+41 41 467 15 27,,,,,,,,,,,,,,,,,,,,,,,,,,,
8.19997410217204,47.1083219004734,guest_house,yes,,,,,,http://www.wurzelbaumhaus.ch/,,,,,,,,,,,,,,,,bed_and_breakfast,,,,,,,,,,,,,
8.28589218764981,46.9857441498293,guest_house,yes,Brunni,,,,,,,,,,,,,,,,,,,,,,,,,,,,,,,,,,
8.38205237466522,46.9969545994348,guest_house,yes,Taverne 1879,,,,,https://www.buergenstock.ch/sleep/taverne1879,,,,,,,,,,,,,,,,,,,,,,,,,,,,,
8.3281731,47.05503295,guest_house,yes,Pension Villa Maria,36,Haldenstrasse,,,http://www.villamaria-luzern.ch,,,,,,,,,,,,,,,,,,,,,,,,,,,,,
7.03291096989023,47.2445548752248,guest_house,yes,La Combe,24,,2350,Saignelégier,http://www.la-combe.ch/,,+41 32 950 13 55,,info@la-combe.ch,,,,,,,,,,,,,,,,,,,Les Cerlatez,,,,,,
7.05838557084854,47.2745821997176,guest_house,yes,Les Hirondelles,63,,,,https://legite.ch/,,+41 79 850 75 79,,claudia@legite.ch,,wlan,,,,,,,,,,bed_and_breakfast,,,,,,,,,,,,,
7.25820234035884,47.1282772002134,guest_house,residential,B&B Herren,109,Brüggstrasse,2503,Biel/Bienne,,CH,+41 32 361 2268/+41 79 769 7740,,,,wlan,,,438,,,no,,,,,,,,,,,,,,,,,
7.53859576339027,47.2645724500755,guest_house,yes,,23,Oberbalmberg,,,,,,,,,,,,,,,,,,,,,,,,,,,,,,,,
7.68644119303427,47.1608153001136,guest_house,farm,,2,Kirchgasse,,,http://www.widmerhof.ch,,,,,,,,,,,,,,,,,,,,,,,,,,,,,
7.6510429974931,47.3166719449571,guest_house,yes,Gasthaus Krone,56,Oberdorf,,,,,,restaurant,,+41 62 391 50 25,,http://www.krone-laupersdorf.ch,,,,,,,,,,,,,,,,,,,,,,
7.66335119168943,47.3329051999404,guest_house,yes,Bremgarten,13,Bremgarten,,,,,,restaurant,,+41 62 391 32 78,,,,913.7578125,,,,,,,,,,,,,,,,,simple restaurant on a farm,,,
7.57246938916041,47.5618628792292,guest_house,yes,Alegria B&B,,,,,,,,,,,,,,,,,,,,,,,,,,,,,,,,,,
7.733433002893,47.557272309759,guest_house,yes,Zur Linde,,,,,,,,restaurant,,,,,,,,german,,,no,,,,,,,,,,,,,,,
7.69453945015592,47.5869264500033,guest_house,,Gästehaus am Wasserschloß,6,Im Baumgarten,79594,Inzlingen,,,,,,,,,,,,,,,,,,,,,,,,,,,,,,
7.81655165030489,47.3085973618062,guest_house,yes,Alte Gärtnerei,15,Hauptgasse,,,https://www.altegaertnerei.ch,,+41 (0) 79 364 51 42,,bnb@altegaertnerei.ch,,,,Ernst Studer,,,,,,,,,,,,,,,,,,,,,
8.04565932823814,47.3825079005675,guest_house,yes,Barbros Bed & Breakfast,7,Heideggweg,5000,Aarau,http://www.barbrosbnb.ch/,CH,"+41 62 824 34 02; +41 79 219 19 63",,kontakt@barbrosbnb.ch,,,,Barbro Matheja,,,,,,,,,,,,,,,,,,,,,
8.04556525583507,47.3830968457489,guest_house,yes,Tgèsa Salep,8,Dossenstrasse,5000,Aarau,https://bnb.ch/index.php?p=page&id=1455,CH,"+41 62 823 94 27 ; +41 79 270 44 22",,mail@acl-aarau.ch,,,http://acl-aarau.ch/,Angelica Cavegn Leitner,,,,,,,,,,,,,,,,,,,,,
8.06278553166033,47.3953793004456,guest_house,commercial,Jura,87,Rohrerstrasse,5000,Aarau,http://www.restaurant-jura.ch,CH,+41 62 824 75 55,restaurant,,,,,,,,asian,,,,,,,,,,,,,,,,,,
8.07600885,47.3978802,guest_house,yes,Pulverhaus24,24,Pulverhausweg,,,http://pulverhaus24.ch/,,+41 62 824 05 77,,,,,,,,,,,,,,,,,,,,,,,,,,,
8.08545143700964,47.418244351762,guest_house,yes,ELIM,33,Buhaldenstrasse,5023,Biberstein,,,,,,,,,,,,,,,,,,,,,,,,,,,,,,
8.12865570428218,47.1348217327313,guest_house,yes,Pension Salve-Soldanella,6,Buchwaldweg,6207,Nottwil,http://www.salve-soldanella.ch,,,,,,,,,,,,,,,,,,,,,,,,,,,,,
8.08627801985518,47.3087346114779,guest_house,yes,B&B Paradiesli,,,,,https://www.bnb-paradiesli.ch/,,+41 62 754 01 00,,bnb-paradiesli@gmx.ch,,wlan,,,,,,no,4,,,bed_and_breakfast,,,,,,,,,,,,,
7.77357286459445,47.5548002496481,guest_house,apartments,,16,Barrystraße,79618,Rheinfelden (Baden),,DE,,,,,,,Raffaele Maio,,,,,,,Haus Dana 2,,,,,,,,,,,point of contact Stelleacker 18,,,
7.779849347048,47.5557130002535,guest_house,yes,Raffaele Maio,18,Stelleacker,79618,Rheinfelden (Baden),,DE,+49 174 16 32 32 1,,bruni36@gmx.de,,,,,,,,,,,Haus Dana,,,,,,,,,,,,,,
7.9222205,47.5460503,guest_house,house,,3,Fähriweg,4322,Mumpf,http://www.tourismus-rheinfelden.ch/de/unterkunftgastro/unterkunft/hotels/welcome.php?action=showunternehmen&unternehmen_id=94891,,+41 (0)62 873 08 15,,,,,,,,,,,,,,,,,,,,,,,,,,,
8.04248103939243,47.4739305177097,guest_house,yes,Berkwerksilo,,,,,,,,,,,wlan,,,,,,,,,,,,7,,,,,,,,,,,
8.0728471344529,47.6295046991179,guest_house,yes,Gasthof-Pension Lamm,147,,79733,Görwihl,http://www.pension-lamm.de/,DE,+49 7754 9299-0,restaurant,info@pension-lamm.de,,,,Peter Rüd,,,regional,,17,,,,,,We off,Rüßwihl,,+49 7754 9299-44,Rüßwihl,,,,2,,
8.0984910612674,47.5724316893876,guest_house,yes,Gasthaus Engel,34,Luttinger Straße,79725,Laufenburg (Baden),,DE,+49 7763 7104,restaurant,,,,,,,,regional,,,limited,,,,,,Luttingen,,,,,,,,,
8.3764600955177,47.5422246500694,guest_house,yes,Bed & Breakfast,5,Oberdorf,5462,Siglistorf,https://www.bed-breakfast.ch/,,+41 56 243 17 44,,info@bed-breakfast.ch,,wlan,,Maja und Urs Bopp,,,,no,3,,,,,,,,,,,,,,,,
8.29216730303273,47.5863823998863,guest_house,residential,Gasthaus zum Schlüssel,31,Hauptstrasse,5330,Bad Zurzach,http://www.fleckenbeizli.ch,CH,+41 56 249 11 40,,,,,,,,,,,,,,,,,,,,,,,,,,,
8.29870693876578,47.5825219998483,guest_house,yes,Pension Neuberg,49,Neubergstrasse,5330,Bad Zurzach,,CH,+41 49 770 11 44,,,,,,,,,,,,,,,,,,,,,,,,,,,
8.29151997572779,47.6106038503,guest_house,house,Pension Krauß,24,Schanzstraße,79790,Küssaberg,,DE,,,,,,,,,,,,,,,,,2,,Kadelburg,,,,,,,,,
8.26536035,47.6190575,guest_house,yes,Gasthof zum Lauffen,1,Homburg,79761,Waldshut-Tiengen,http://www.zumlauffen.de/,DE,+49 7741 61588,restaurant,zumlauffen@gmail.com,,,,Heinz und Barbara Prigge,,,german,,7,,,,,,"We-Fr 11:30-22:00; Sa,Su 11:00-22:00",Homburg,,,,12,,,,,
8.13623935,47.6445723,guest_house,yes,Brunnmatthof,9,Waldshuter Gass,79774,Albbruck,http://www.brunnmatthof.de,DE,+49 7755 919731,,info@brunnmatthof.de,,wlan,,Marion Dimer,,,,no,,,,,,,,Unteralpfen,,,,,,"room from 32 €, free Wifi",,,
8.21179155795998,47.6646858593362,guest_house,yes,Adler,28,Obere Landstraße,79761,Waldshut-Tiengen,,DE,+49 7741 2446,restaurant,,,,,,,,german,,,,,,,,"Th-Sa 16:30+; Su-Mo 10:00+",Indlekofen,,,,,,,,,
8.26096614082622,47.6756807781122,guest_house,yes,Landgasthof Löwen,107,,79761,Waldshut-Tiengen,https://www.loewen-aichen.de/,DE,+49 7747 222,restaurant,info@loewen-aichen.de,,yes,,Edeltraud Bachmann,,,german,,,,,,,,,,,+49 7747 919723,Aichen,,,,,,
9.00249733174796,45.9072784000043,guest_house,yes,Osteria La Peonia,,,,,http://www.peonia.ch,,+41 91 6469888,restaurant,info@peonia.ch,,,,,,,,,,,,,,,Apr 01 - Oct 31,,,,,,,,,,
8.7893178,46.17350135,guest_house,,Garni Dolcevita,,,,,,,,,,,,,,,,,,,,,,,,,,,,,,,,,,
8.7900977,46.17497855,guest_house,yes,,,,,,,,,,,,,,,,,,,,,,,,,,,,,,,,,,,
8.99660076696954,46.0917434732845,guest_house,yes,Agriturismo Alpe Rompiago,,,,Bidogno,,,+41 (0)91 9434849,restaurant,,,,,,,,,,,,,,,,,,,,Alpe di Rompiago,,,,,,
9.08433954675657,46.0881604845125,guest_house,yes,Agriturismo Capanna Alpe Cottino,,,,Bogno,,,,,,,,,,,,,,,,,,,,,,,,,,,,,,
8.99525464891976,46.2107916258657,guest_house,house,,,,,,,,,,,,,,,,,,,,,,,,,,,,,,,,,,,
9.1727929,46.27057405,guest_house,detached,Ca al Pont,,,,,,,,,,,,,,,,,,,,,,,,,,,,,,,,,,
10.02399615,46.38147195,guest_house,yes,Sassal Masone,,,,,http://www.sassalmasone.ch,,+41 81 844 03 23,restaurant,info@sassalmasone.ch,,,,,2355,,regional,,,,,,,,,,,,,,,,,,
10.0337935287402,46.3748882701246,guest_house,yes,Belvedere,,,,,http://www.belvedere-engadin.ch/,,+41 81 844 03 14,restaurant,info@belvedere-alpgruem.ch,,,,,2189,,,,,,,,,,,,,,,,,,,,
8.5018647,46.59834115,guest_house,yes,Garni Alpenhof,,,,,,,,,,,,,,,,,,,,,,,,,,,,,,,,,,
8.500215,46.5995029,guest_house,yes,Blueberry Hill,,,,,,,,,,,,,,,,,,,,,,,,,,,,,,,,,,
8.56570485739769,46.6180396001937,guest_house,yes,Rössli - Ferienhaus,,,,,,,,,,,,,,,,,,,,,,,,,,,,,,,,,,
8.5702522,46.6196727,guest_house,yes,Krone,,,,,,,+41418871429,,krone.hospental@bluewin.ch,,,,,,,,,,,,,,3,,,,,,,,,,,
8.62760433240476,46.737961009294,guest_house,yes,Gasthaus Bergheim,2,Bitzistrasse,,,http://www.gasthaus-bergheim.ch/,,+41 41 885 16 28,restaurant,,,,,,,,regional,,,,,,,,Th-Tu,,,,,,,,,,
9.12304921116816,46.5778418996814,guest_house,yes,Gasthaus Zervreila Schlittenvermietung,,,,,http://www.zervreila.ch/,,,,,,,,,,,,,,,,,,,,,,,,,,,,,
8.49717599800125,46.9026289001946,guest_house,yes,Schlaf im Stroh,,,,,,,,,,,,,Furrer Kneiwies,,,,,,,,,,,,,,,,,,,,,
8.52815445803525,46.8800721002248,guest_house,yes,Bergrestaurant Bywaldalp,,,,,,,,restaurant,,,,,,,,swiss,,,,,,,,,,,,,,,,,,
8.73292763380101,46.7767060494489,guest_house,yes,Gasthaus Edelweiss,,,,,,,,,,,,,,,,,,,,,,,,,,,,,,,,,,
8.77113626642633,46.8311510997983,guest_house,yes,Ruchenhüttli,,,,,http://www.ruchenhuettli.ch/phone/index.html,,,,,,,,,,,,,,,,,,,,,,,,,,,,,
8.45712141969467,46.9707474497322,guest_house,yes,,71,Buochserstrasse,6375,,,,,,,,,,,,,,,,,,,,,,,,,,,,,,,
8.58611753149047,46.9661132936738,guest_house,yes,Waldhütte,,Tannwald,6377,Seelisberg,,,,,,,,,Gemeinde Seelisberg,,,,,,,,,,,,,,,,,,,,,
8.65635192058057,47.0638648849452,guest_house,yes,Berggasthaus Herrenboden,,,6417,Sattel Hochstuckli,http://www.herrenboden.ch,CH,,restaurant,,,,,,,,regional,,,yes,,,,,,,,,,,,,,,
8.64973535,47.0672525,guest_house,yes,Berggasthaus Mostelberg,,,,,,,,restaurant,,,,,,,,,,,,,,,,,,,,,,,,,,
9.17858075083219,46.612207950009,guest_house,yes,Gästehaus Balma,166A,Balma,7132,Vals,,CH,,,,,,,,,,,,,,,,,,,,,,,,,,,,
9.1806922933633,46.6180437998165,guest_house,house,Edelweiss,60,Dorfplatz,7132,Vals,,CH,,,,,,,,,,,,,,,,,,,,,,,,,,,,
9.18201733582902,46.6206279036171,guest_house,house,Garni Schnider,35,Poststrasse,7132,Vals,,CH,,,,,,,,,,,,,,,,,,,,,,,,,,,,
9.27575861677046,46.6143182568694,guest_house,yes,B&B Wanna,Wanna,Thalkirch,7109,,,,,,,+41 81 647 11 76,,,,,bnb.wanna@gmail.com,,,,,Bed&Breakfast Wanna,,,,,,,,,,,,,,
9.27602910021331,46.6247091498854,guest_house,yes,Berggasthof Turrahus,,,,,,,,restaurant,,,,,,,,,,,,,,,,,,,,,,,,,,
9.41617575245611,46.6394050999597,guest_house,yes,Pensiun Laresch,163A,Plàn da Crusch,,Mathon,https://www.laresch.ch/,CH,,,,,,,Lukas Hug & Marianne Peyer Hug,,,,,,,,bed_and_breakfast,,,,,,,Gurschegn,,,,,,
9.71728845,46.46994415,guest_house,yes,Ospizio La Veduta,770,Ospiz dal Giüglia,,Bivio,,,,restaurant,,,,,,,,,,,,,,,,,,,,,,,,,,Julier Hospiz
9.79604760486627,46.4604041817345,guest_house,yes,,1,Via dal Farrer,7513,Silvaplana,,CH,,,,,,,,,,,,,,,,,,,,,,,,,,,,
9.79629493927745,46.4603403185908,guest_house,yes,Conrad’s Mountain Lodge,1,Via dal Farrer,7513,Silvaplana,,CH,,,,,,,,,,,,,,,,,,,,,,,,,,,,
9.53572875854309,46.7138793960287,guest_house,yes,Gruppenferienhaus Raschainas,3,Voa Tgantieni,,,,,,,,+41 76 581 45 38,,http://raschainas.ch,,,info@raschainas.ch,,,4,,,,,,,,,,,87,,,,,
9.5360211,46.71421325,guest_house,yes,Bed and Breakfast & Studio Raschainas,2A,Voa Tgantieni,,,,,,,,+41 76 581 45 38,,http://raschainas.ch,,,info@raschainas.ch,,,4,,,,,,,,,,,,,,4,,
9.75219918678738,46.6353500959076,guest_house,yes,Latscherbetten,,,,,http://www.latscherbetten.ch,,,,,,,,,,,,,,,,,,,,,,,,,,,,,
9.83761810902406,46.5825196001259,guest_house,yes,Gasthaus Albula Hospiz,30,Via d'Alvra,7522,La Punt-Chamues-ch,https://albulahospiz.ch/,,,,,,,,,2315,,,,,,,,,,,,,,,,,,,,
9.17265144564103,46.9203850997936,guest_house,yes,Gasthaus Sonne,24,Dorf,,,http://www.sonne-elm.ch/,,+41 55 642 12 32,restaurant,mail@sonne-elm.ch,,,,,,,regional,,,,,,,,,,,+41 55 642 19 38,,,,,,,
9.55889169923144,46.7668121498105,guest_house,yes,Kiwi Lodge,,,7075,Parpan,,CH,,,,,yes,,,,,,,,,Kiwi Lodge,,,,,,,,,,,,,,
9.53421463505813,46.8483780230137,guest_house,hotel,Marsöl,25,Süsswinkelgasse,7000,Chur,http://www.marsoel.ch,CH,,,,,,,,,,,,,,,,,,,,,,,,,,,,
9.80883031109514,46.7772211503786,guest_house,yes,Gasthaus Islen,,,,,http://www.islen.ch/,,,,,,,,,,,,,,no,,,,,,,,,,,,,,tile,
9.82542249136149,46.7984397962431,guest_house,yes,Pfadiheim Davos,5,Eisbahnstrasse,7270,,,CH,,,,,,,,,,,,,,,,,,,,,,,,,,,,
9.5279476,47.02954505,guest_house,yes,Gasthof St. Luzisteig,3,St. Luzisteig,7304,Maienfeld,http://www.gasthof-luzisteig.ch/,CH,+41 81 3027222,restaurant,info@gasthof-luzisteig.ch,,,,Andrea Keller,,,regional,,,limited,,,,,Th off,,,+41 81 3027434,,,,,,,
8.69346176650709,47.2560987998623,guest_house,yes,Bibel- und Erholungsheim,41,Hofenstrasse,8708,Männedorf,,,,,,,,,,,,,,,,,,,,,,,,,,,,,,
8.69399337814413,47.2560924755468,guest_house,yes,,,,,,,,,,,,,,,,,,,,,,,,,,,,,,,,,,,
8.69329285,47.2563623,guest_house,yes,,,,,,,,,,,,,,,,,,,,,,,,,,,,,,,,,,,
8.48647115729269,47.3533601503394,guest_house,yes,Im Sonnenbühl,,,,,http://www.imsonnenbuehl.com,,,,,,,,,,,,,,,,bed_and_breakfast,,,,,,,,,,,,,
8.52820490723865,47.3494374360987,guest_house,yes,Pension Promos,85,Mutschellenstrasse,,,,,,,,,,,,,,,,,,,,,,,,,,,,,,,,
8.52908785610678,47.3743439630011,guest_house,yes,Josephine's Guesthouse for Women,,,,,https://www.josephines.ch/,,,,,,,,,,,,,,,,,,,,,,,,,,,,,
8.54567707080782,47.3957552602254,guest_house,yes,Academia Appartments,2,Langensteinenstrasse,8057,Zürich,,CH,,,,,,,,,,,,,,,,,,,,,,,,,,,,
8.85363923593889,47.1888753905841,guest_house,yes,Villa am Park,18,Gartenstrasse,8853,Lachen,http://www.lachen.ch/de/tourismus/hotels/?action=showunternehmen&unternehmen_id=69801,CH,,,,,yes,,,,,,no,,no,,,no,,,,,,,,,,,,
8.87750967718549,47.3681870491477,guest_house,,Babo,,,,,,,,,,,,,,,,,,,,,,,,,,,,,,,,,,
8.5731846081248,47.627113450054,guest_house,yes,Engelscheune,39,Hauptstraße,79807,Lottstetten,http://www.engelscheune.de,DE,,,,,,,,,,,,,,,,,,,,,,,,,,,,
8.70924538991121,47.4917710263391,guest_house,yes,Die Bleibe,14,Einfangstrasse,8406,Winterthur,https://www.diebleibe.ch/,,+41 52 202 13 71,,,,,,,,,,,,,,,,,,,,,,,,,,,
8.78726055850639,47.5216789455774,guest_house,yes,Gasthof Storchen,8,Gemeindehausstrasse,8542,Wiesendangen,http://www.gasthof-storchen.ch/,,,,,,wlan,,Familie Pulfer,,,,no,10,,,,outside,,,,,,,,,,,tile,
8.63624083739932,47.6703500500351,guest_house,yes,Hirschen,,,,,http://www.hirschenuhwiesen.ch,,+41 52 659 31 07,restaurant,,,,,Markus Bock,,,regional,,,,,,,,,,,,,,,,,,
8.6791952,47.69006365,guest_house,commercial,Bed & Breakfast,62,Schaffhauser Straße,78266,Büsingen,,DE,,,,,,,Irene Kaspar,,,,,,,,,,,,,,,,,,,,,
8.86445382833908,47.4928455495993,guest_house,yes,,3,Untermühle,8353,Elgg,,,,,,,,,,,,,,,,,,,,,,,,,,,,,,
8.8663420152951,47.4912923442833,guest_house,yes,Gasthaus Eintrach,36,Bahnhofstrasse,8353,Elgg,,,,restaurant,,,,,,,,,,,,,,,,,,,,,,,,,,
8.91304010120806,47.5558592104843,guest_house,yes,Pfadihaus Mühletobel,80,Mühletobelstrasse,8500,,http://www.herberge-frauenfeld.ch/Pfadihaus.htm,,,,,+41 52 720 54 53,,,,,kolb_hofmann@bluewin.ch,,,,,,,,,,,,,,,,"Raum für 40-45 Personen mit einfacher Ausstattung kann gemietet werden. Küche mit Gaskochstelle und Kühlschrank (Geschirr, Besteck, Gläser vorhanden), WC und Pissoir, nur beschränkt heizbar. Aussensitzplatz mit 2 Festbankgarnituren, Holzcheminée und Gasgr",,,
9.0310781904046,47.5272668994291,guest_house,yes,Gasthaus Löwen,1,Märwilerstrasse,,,,,,restaurant,,+41 71 917 14 25,,http://www.loewenaffeltrangen.ch,,,loewenaffeltrangen@bluewin.ch,,,,,,,,,"Tu-Sa 11:00-14:00,17:00+",,,,,,,,,,
8.91047171412491,47.6558819002811,guest_house,yes,Gästehaus Stöhr,1,Uferweg,78337,Öhningen,,DE,+49 7735 3150,,,,wlan,,,,,,,,no,,,no,,,Kattenhorn,,,,,,,,,
9.2085086,47.12949485,guest_house,yes,Kubli-Huus,,,,,,,,restaurant,,,,,,,,,,,,,,,,,,,,,,,,,,
9.29677939661501,47.182588582304,guest_house,hotel,Berghotel Sellamatt,,,9656,Alt St. Johann,,CH,,,,,wlan,http://www.sellamatt.ch/,,,berghotel@sellamatt.ch,,,,yes,Sellamatt,,,,,,,,,,,,,,
9.18428594212291,47.2451702000716,guest_house,yes,Chromen,,,,,,,+41 71 994 33 74,,,,,,,,,,,,,,bed_and_breakfast,,,,,,,,,,,,,
9.30253256548536,47.1992018942458,guest_house,house,Bergheim,,,,,,,,,,,wlan,,,,,,no,,no,,,no,,,,,,,,,,,,
9.32610960000133,47.1924219003325,guest_house,commercial,Gade Lodge,39,Hintere Schwendistrasse,9657,Unterwasser,,CH,,,,,,,,,,,,,,Gade Lodge,,,,,,,,,,,,,,
9.42469343686794,47.2530870861562,guest_house,yes,Berggasthaus Bollenwees,,,9058,Brülisau,https://www.bollenwees.ch/,CH,+41 71 799 11 70,restaurant,,,,,,1470,,,,,,,,,,,,,,,,,,,,
9.28129205,47.31393,guest_house,yes,Chez Lise,1474,Hinteregg,9107,Urnäsch,https://chezlise.ch/,,,,,,,,,,,,,,,,,,,,,,,,,,,,,
9.24850417922112,47.3499641488821,guest_house,yes,Gästehaus Kreuz,79,Egg,9103,Schwellbrunn,,,,,,,,,B. Frischknecht,,,,,,,,,,,,,,,,,,,,,
9.25004525690473,47.3525904269543,guest_house,yes,Gästehaus Rössli,42,Dorf,9103,Schwellbrunn,,,,,,,,,,,,,,,,,,,,,,,,,,,,,,
9.32617938118219,47.3502732678479,guest_house,yes,Alpenrose,236,Sondernasse,9064,Hundwil,,CH,,restaurant,,+41 71 3671272,,http://alpenrose-hundwil.ch,,972,,regional,,,,,,,,"Mo, Tu, Fr 13:00-19:00; Sa, Su 09:00-19:00, ""call us""",,,,,,40,,,,
9.33222637879018,47.3407087303846,guest_house,yes,Hundwiler Höhi,,,9064,Hundwil,,,,,,,,,,,,,,,,,,,,,,,,,,,,,,
10.104079297999,46.4826172499652,guest_house,yes,Albergo Forcola,,,,,,,,restaurant,,,,,,,,,,,,,,,,,,,,,,,,,,
10.1264687751943,46.527794949561,guest_house,yes,Homelywood,,,,,,,,,,,wlan,,,,,,no,,,,,,,,,,,,,,,,,
10.1308039558098,46.532464850154,guest_house,yes,Baita Diletta,285,Via Rin da Rin,23030,Livigno,http://baitadiletta.it,IT,,,,,,,,,,,,,,,,,,,,,,,,,,,,
10.13937115,46.5300655,guest_house,yes,Residence Attila,,,,,,,,,,,,,,,,,,,,,,,,,,,,,,,,,,
10.1405816940281,46.547775849826,guest_house,yes,Chalet Moon,46,Via Rasia,23030,Livigno,http://www.chaletmoon.com/,IT,+39 0342 970059,,info@chaletmoon.com,,wlan,,,,,,no,,no,,,,,,,,+39 0342 974205,,,,,,,
10.1366382198535,46.5513974501825,guest_house,yes,,,,,,,,,,,,,,,,,,,,,,,,,,,,,,,,,,,
9.84899834923956,46.7973475325014,guest_house,yes,Shima,63,Dischmastrasse,7260,Davos Dorf,https://www.shima-davos.ch/,CH,+41 81 410 12 00,,info@shima-davos.ch,,,,,,,,,,,,,,,,,,,,,,,,,
9.8993944016263,46.8007872500313,guest_house,yes,Alpenrose,,,,,https://www.davos-alpenrose.ch/,,,,,,,,,,,,,,,,,,,,,,,,,,,,,
9.91975098344955,46.7868049855391,guest_house,yes,Zum Tschuggen,,,,,http://www.zumtschuggen.ch/,,,,,,,,,,,,,,,,,,,,,,,,,,,,,
9.85124957034959,46.8116162060446,guest_house,house,Zur Stilli,2,Stillistrasse,7260,Davos Dorf,https://www.stilli-davos.ch/,CH,+41 81 416 33 28,,h.stiffler@bluewin.ch,,,,,,,,,,,Zur Stilli,,,3,,,,,,,,,,tile,
9.8665609934824,46.8415010804154,guest_house,yes,Pension Seeblick,,,,,http://www.pension-seeblick.ch,,,,,,,,,,,,,,,,,,,,,,,,,,,,,
9.92025343213233,46.9598935577635,guest_house,commercial,Berghotel Vergalden,,,,,http://www.berghotel-vergalden.at/,,+43 5557/6321,,berghotel.vergalden@aon.at,,,,Fam. Ludwig Braunger,,,,,,,,,,,,,,+43 5557/6321-4,,,,,,,
